-- ========================================================
-- MedInfo Solutions - dados iniciais / inserts
-- Gerado a partir de BASEDADOSFINAL(1).sql
-- ========================================================

USE `db1241848`;
SET FOREIGN_KEY_CHECKS=0;

-- A despejar dados para tabela db1241848.agents: ~4 rows (aproximadamente)
INSERT INTO `agents` (`id`, `nome`, `name`, `passwrd`, `profile`, `last_login`, `created_at`, `updated_at`, `deleted_at`) VALUES
	(1, 'Inês Almeida', _binary 0x68e2e48ae7a2e5a882536ce5eda8426ff7aa7c443a12be1525a807a15d4bff64, '$2y$12$10uRAukANMDTb/oeBmmMwe/HUB63GAGxPjxaJdPyaMFYj3CYCTQVm', 'admin', '2026-06-24 13:13:26', '2026-06-23 16:20:43', NULL, NULL),
	(2, 'Miguel Ferreira', _binary 0x9058629e2e5d658da6eb83ab9ee17f0d5769fca2a4bdd0a1c7cff3bcba4e9a90, '$2y$12$10uRAukANMDTb/oeBmmMwe/HUB63GAGxPjxaJdPyaMFYj3CYCTQVm', 'tecnico', '2026-06-23 16:55:20', '2026-06-23 16:20:43', NULL, NULL),
	(3, 'Beatriz Costa', _binary 0x3584ec5bdd34382964d2a8e4a6bdbe46f7aa7c443a12be1525a807a15d4bff64, '$2y$12$10uRAukANMDTb/oeBmmMwe/HUB63GAGxPjxaJdPyaMFYj3CYCTQVm', 'profissional_saude', '2026-06-24 05:51:50', '2026-06-23 16:20:43', NULL, NULL),
	(4, 'Ricardo Matos', _binary 0x2a2c25d9b16eb1ecd58e4356af3b6f2e4a866fa64a64af11585a6e53eeab3c9e, '$2y$12$10uRAukANMDTb/oeBmmMwe/HUB63GAGxPjxaJdPyaMFYj3CYCTQVm', 'gestor_logistica', '2026-06-24 05:52:26', '2026-06-23 16:20:43', NULL, NULL);

-- A despejar dados para tabela db1241848.areas_documento: ~3 rows (aproximadamente)
INSERT INTO `areas_documento` (`id`, `nome`) VALUES
	(1, 'Equipamento'),
	(2, 'Fornecedor'),
	(3, 'Manutenção');

-- A despejar dados para tabela db1241848.categorias_equipamento: ~7 rows (aproximadamente)
INSERT INTO `categorias_equipamento` (`id`, `nome`) VALUES
	(4, 'Diagnóstico'),
	(6, 'Esterilização'),
	(5, 'Laboratório'),
	(1, 'Monitorização'),
	(7, 'Reabilitação'),
	(2, 'Suporte de vida'),
	(3, 'Terapia');

-- A despejar dados para tabela db1241848.conteudos_publicos: ~1 rows (aproximadamente)
INSERT INTO `conteudos_publicos` (`id`, `hero_titulo`, `hero_subtitulo`, `sobre_titulo`, `sobre_texto_1`, `sobre_texto_2`, `sobre_texto_3`, `servicos_titulo`, `servicos_texto`, `clientes_titulo`, `clientes_texto`, `contactos_titulo`, `contactos_texto`, `morada`, `telefone`, `email`, `website`, `horario`, `rodape_texto`, `atualizado_por`, `atualizado_em`) VALUES
	(1, 'Soluções digitais para a gestão hospitalar', 'Desenvolvemos sistemas de informação especializados para instituições de saúde, com foco na rastreabilidade, segurança e eficiência operacional.', 'Sobre Nós', 'A MedInfo Solutions é uma empresa portuguesa especializada no desenvolvimento de software para a área da saúde. Fundada em 2015 e sediada no Porto, temos como missão modernizar a gestão tecnológica das instituições de saúde nacionais.', 'A nossa equipa é composta por engenheiros biomédicos, engenheiros informáticos e especialistas em sistemas de informação hospitalares, o que nos permite desenvolver soluções tecnicamente sólidas e clinicamente adequadas.', 'Trabalhamos com hospitais públicos e privados, clínicas e centros de saúde em todo o território nacional, com especial foco em sistemas de gestão de inventário e manutenção de equipamentos médicos.', 'Serviços', 'Desenvolvemos soluções adaptadas às necessidades específicas de cada instituição.', 'Os Nossos Clientes', 'Trabalhamos com algumas das principais instituições de saúde nacionais.', 'Contactos', 'Entre em contacto connosco para mais informações ou para agendar uma demonstração.', 'Rua Dr. António Bernardino de Almeida, 431\n4200-072 Porto', '+351 222 123 456', 'geral@medinfosolutions.pt', 'www.medinfosolutions.pt', '2ª a 6ª Feira: 9h — 18h\nSábado, Domingo e Feriados: Encerrado', 'MedInfo Solutions © 2025 — Todos os direitos reservados', NULL, '2026-06-23 19:48:15');

-- A despejar dados para tabela db1241848.contratos: ~40 rows (aproximadamente)
INSERT INTO `contratos` (`id`, `codigo`, `designacao`, `tipo_contrato_id`, `fornecedor_id`, `responsavel`, `data_inicio`, `data_fim`, `valor_anual`, `periodicidade`, `renovacao_automatica`, `estado_contrato_id`, `observacoes`, `criado_em`, `atualizado_em`) VALUES
	(1, 'CON-0001', 'Contrato de manutenção preventiva - EQ-0001', 1, 1, 'Gestor Contrato EQ-0001', '2025-06-13', '2027-07-11', 1135.35, 'Trimestral', 1, 1, 'Contrato principal ativo do equipamento EQ-0001, com datas coerentes com o estado apresentado.', '2026-06-24 06:32:58', '2026-06-24 06:32:58'),
	(2, 'CON-0002', 'Contrato adicional de apoio operacional - EQ-0001', 2, 6, 'Coordenador Serviço EQ-0001', '2025-05-18', '2026-07-05', 412.40, 'Trimestral', 0, 2, 'Contrato adicional a expirar do equipamento EQ-0001, usado para apoio técnico ou operacional complementar.', '2026-06-24 06:32:58', '2026-06-24 06:32:58'),
	(3, 'CON-0003', 'Contrato de manutenção preventiva - EQ-0002', 1, 2, 'Gestor Contrato EQ-0002', '2025-06-02', '2027-07-28', 1320.70, 'Semestral', 1, 1, 'Contrato principal ativo do equipamento EQ-0002, com datas coerentes com o estado apresentado.', '2026-06-24 06:32:58', '2026-06-24 06:32:58'),
	(4, 'CON-0004', 'Contrato adicional de apoio operacional - EQ-0002', 3, 10, 'Coordenador Serviço EQ-0002', '2025-09-23', '2027-02-15', 504.80, 'Semestral', 0, 1, 'Contrato adicional ativo do equipamento EQ-0002, usado para apoio técnico ou operacional complementar.', '2026-06-24 06:32:58', '2026-06-24 06:32:58'),
	(5, 'CON-0005', 'Contrato de manutenção preventiva - EQ-0003', 1, 3, 'Gestor Contrato EQ-0003', '2025-05-15', '2026-07-16', 1506.05, 'Anual', 1, 2, 'Contrato principal a expirar do equipamento EQ-0003, com datas coerentes com o estado apresentado.', '2026-06-24 06:32:58', '2026-06-24 06:32:58'),
	(6, 'CON-0006', 'Contrato adicional de apoio operacional - EQ-0003', 5, 6, 'Coordenador Serviço EQ-0003', '2024-07-18', '2026-04-05', 597.20, 'Anual', 0, 3, 'Contrato adicional expirado do equipamento EQ-0003, usado para apoio técnico ou operacional complementar.', '2026-06-24 06:32:58', '2026-06-24 06:32:58'),
	(7, 'CON-0007', 'Contrato de manutenção preventiva - EQ-0004', 1, 4, 'Gestor Contrato EQ-0004', '2025-05-11', '2027-08-31', 1691.40, 'Mensal', 1, 1, 'Contrato principal ativo do equipamento EQ-0004, com datas coerentes com o estado apresentado.', '2026-06-24 06:32:58', '2026-06-24 06:32:58'),
	(8, 'CON-0008', 'Contrato adicional de apoio operacional - EQ-0004', 2, 10, 'Coordenador Serviço EQ-0004', '2024-09-04', '2026-06-04', 689.60, 'Mensal', 0, 4, 'Contrato adicional cancelado do equipamento EQ-0004, usado para apoio técnico ou operacional complementar.', '2026-06-24 06:32:58', '2026-06-24 06:32:58'),
	(9, 'CON-0009', 'Contrato de manutenção preventiva - EQ-0005', 1, 5, 'Gestor Contrato EQ-0005', '2025-04-30', '2027-09-17', 1876.75, 'Trimestral', 1, 1, 'Contrato principal ativo do equipamento EQ-0005, com datas coerentes com o estado apresentado.', '2026-06-24 06:32:58', '2026-06-24 06:32:58'),
	(10, 'CON-0010', 'Contrato adicional de apoio operacional - EQ-0005', 3, 6, 'Coordenador Serviço EQ-0005', '2025-09-02', '2027-03-26', 782.00, 'Trimestral', 0, 1, 'Contrato adicional ativo do equipamento EQ-0005, usado para apoio técnico ou operacional complementar.', '2026-06-24 06:32:58', '2026-06-24 06:32:58'),
	(11, 'CON-0011', 'Contrato de manutenção preventiva - EQ-0006', 1, 5, 'Gestor Contrato EQ-0006', '2024-07-13', '2026-05-25', 2062.10, 'Semestral', 0, 3, 'Contrato principal expirado do equipamento EQ-0006, com datas coerentes com o estado apresentado.', '2026-06-24 06:32:58', '2026-06-24 06:32:58'),
	(12, 'CON-0012', 'Contrato adicional de apoio operacional - EQ-0006', 5, 10, 'Coordenador Serviço EQ-0006', '2025-05-08', '2026-07-22', 874.40, 'Semestral', 0, 2, 'Contrato adicional a expirar do equipamento EQ-0006, usado para apoio técnico ou operacional complementar.', '2026-06-24 06:32:58', '2026-06-24 06:32:58'),
	(13, 'CON-0013', 'Contrato de manutenção preventiva - EQ-0007', 1, 7, 'Gestor Contrato EQ-0007', '2025-04-08', '2027-10-21', 2247.45, 'Anual', 1, 1, 'Contrato principal ativo do equipamento EQ-0007, com datas coerentes com o estado apresentado.', '2026-06-24 06:32:58', '2026-06-24 06:32:58'),
	(14, 'CON-0014', 'Contrato adicional de apoio operacional - EQ-0007', 2, 6, 'Coordenador Serviço EQ-0007', '2025-08-19', '2027-04-21', 966.80, 'Anual', 0, 1, 'Contrato adicional ativo do equipamento EQ-0007, usado para apoio técnico ou operacional complementar.', '2026-06-24 06:32:58', '2026-06-24 06:32:58'),
	(15, 'CON-0015', 'Contrato de manutenção preventiva - EQ-0008', 1, 8, 'Gestor Contrato EQ-0008', '2025-03-28', '2027-11-07', 2432.80, 'Mensal', 1, 1, 'Contrato principal ativo do equipamento EQ-0008, com datas coerentes com o estado apresentado.', '2026-06-24 06:32:58', '2026-06-24 06:32:58'),
	(16, 'CON-0016', 'Contrato adicional de apoio operacional - EQ-0008', 3, 10, 'Coordenador Serviço EQ-0008', '2024-07-08', '2026-01-30', 1059.20, 'Mensal', 0, 3, 'Contrato adicional expirado do equipamento EQ-0008, usado para apoio técnico ou operacional complementar.', '2026-06-24 06:32:58', '2026-06-24 06:32:58'),
	(17, 'CON-0017', 'Contrato de manutenção preventiva - EQ-0009', 1, 1, 'Gestor Contrato EQ-0009', '2025-03-17', '2027-11-24', 2618.15, 'Trimestral', 1, 1, 'Contrato principal ativo do equipamento EQ-0009, com datas coerentes com o estado apresentado.', '2026-06-24 06:32:58', '2026-06-24 06:32:58'),
	(18, 'CON-0018', 'Contrato adicional de apoio operacional - EQ-0009', 5, 6, 'Coordenador Serviço EQ-0009', '2025-08-05', '2027-05-17', 1151.60, 'Trimestral', 0, 1, 'Contrato adicional ativo do equipamento EQ-0009, usado para apoio técnico ou operacional complementar.', '2026-06-24 06:32:58', '2026-06-24 06:32:58'),
	(19, 'CON-0019', 'Contrato de manutenção preventiva - EQ-0010', 1, 3, 'Gestor Contrato EQ-0010', '2025-05-01', '2026-07-03', 2803.50, 'Semestral', 1, 2, 'Contrato principal a expirar do equipamento EQ-0010, com datas coerentes com o estado apresentado.', '2026-06-24 06:32:58', '2026-06-24 06:32:58'),
	(20, 'CON-0020', 'Contrato adicional de apoio operacional - EQ-0010', 2, 10, 'Coordenador Serviço EQ-0010', '2025-07-29', '2027-05-30', 1244.00, 'Semestral', 0, 1, 'Contrato adicional ativo do equipamento EQ-0010, usado para apoio técnico ou operacional complementar.', '2026-06-24 06:32:58', '2026-06-24 06:32:58'),
	(21, 'CON-0021', 'Contrato de manutenção preventiva - EQ-0011', 1, 4, 'Gestor Contrato EQ-0011', '2025-02-23', '2027-12-28', 2988.85, 'Anual', 1, 1, 'Contrato principal ativo do equipamento EQ-0011, com datas coerentes com o estado apresentado.', '2026-06-24 06:32:58', '2026-06-24 06:32:58'),
	(22, 'CON-0022', 'Contrato adicional de apoio operacional - EQ-0011', 3, 6, 'Coordenador Serviço EQ-0011', '2025-07-22', '2027-06-12', 1336.40, 'Anual', 0, 1, 'Contrato adicional ativo do equipamento EQ-0011, usado para apoio técnico ou operacional complementar.', '2026-06-24 06:32:58', '2026-06-24 06:32:58'),
	(23, 'CON-0023', 'Contrato de manutenção preventiva - EQ-0012', 1, 7, 'Gestor Contrato EQ-0012', '2024-07-01', '2026-06-09', 3174.20, 'Mensal', 0, 3, 'Contrato principal expirado do equipamento EQ-0012, com datas coerentes com o estado apresentado.', '2026-06-24 06:32:58', '2026-06-24 06:32:58'),
	(24, 'CON-0024', 'Contrato adicional de apoio operacional - EQ-0012', 5, 10, 'Coordenador Serviço EQ-0012', '2025-07-15', '2027-06-25', 1428.80, 'Mensal', 0, 1, 'Contrato adicional ativo do equipamento EQ-0012, usado para apoio técnico ou operacional complementar.', '2026-06-24 06:32:58', '2026-06-24 06:32:58'),
	(25, 'CON-0025', 'Contrato de manutenção preventiva - EQ-0013', 1, 1, 'Gestor Contrato EQ-0013', '2025-02-01', '2028-01-31', 3359.55, 'Trimestral', 1, 1, 'Contrato principal ativo do equipamento EQ-0013, com datas coerentes com o estado apresentado.', '2026-06-24 06:32:58', '2026-06-24 06:32:58'),
	(26, 'CON-0026', 'Contrato adicional de apoio operacional - EQ-0013', 2, 6, 'Coordenador Serviço EQ-0013', '2025-07-08', '2027-07-08', 1521.20, 'Trimestral', 0, 1, 'Contrato adicional ativo do equipamento EQ-0013, usado para apoio técnico ou operacional complementar.', '2026-06-24 06:32:58', '2026-06-24 06:32:58'),
	(27, 'CON-0027', 'Contrato de manutenção preventiva - EQ-0014', 1, 2, 'Gestor Contrato EQ-0014', '2025-01-21', '2028-02-17', 3544.90, 'Semestral', 1, 1, 'Contrato principal ativo do equipamento EQ-0014, com datas coerentes com o estado apresentado.', '2026-06-24 06:32:58', '2026-06-24 06:32:58'),
	(28, 'CON-0028', 'Contrato adicional de apoio operacional - EQ-0014', 3, 10, 'Coordenador Serviço EQ-0014', '2025-04-22', '2026-07-12', 1613.60, 'Semestral', 0, 2, 'Contrato adicional a expirar do equipamento EQ-0014, usado para apoio técnico ou operacional complementar.', '2026-06-24 06:32:58', '2026-06-24 06:32:58'),
	(29, 'CON-0029', 'Contrato de manutenção preventiva - EQ-0015', 1, 3, 'Gestor Contrato EQ-0015', '2025-01-10', '2028-03-05', 3730.25, 'Anual', 1, 1, 'Contrato principal ativo do equipamento EQ-0015, com datas coerentes com o estado apresentado.', '2026-06-24 06:32:58', '2026-06-24 06:32:58'),
	(30, 'CON-0030', 'Contrato adicional de apoio operacional - EQ-0015', 4, 6, 'Coordenador Serviço EQ-0015', '2024-06-24', '2025-11-26', 1706.00, 'Anual', 0, 3, 'Contrato adicional expirado do equipamento EQ-0015, usado para apoio técnico ou operacional complementar.', '2026-06-24 06:32:58', '2026-06-24 06:32:58'),
	(31, 'CON-0031', 'Contrato de manutenção preventiva - EQ-0016', 1, 4, 'Gestor Contrato EQ-0016', '2024-12-30', '2028-03-22', 3915.60, 'Mensal', 1, 1, 'Contrato principal ativo do equipamento EQ-0016, com datas coerentes com o estado apresentado.', '2026-06-24 06:32:58', '2026-06-24 06:32:58'),
	(32, 'CON-0032', 'Contrato adicional de apoio operacional - EQ-0016', 2, 10, 'Coordenador Serviço EQ-0016', '2025-06-17', '2027-08-16', 1798.40, 'Mensal', 0, 1, 'Contrato adicional ativo do equipamento EQ-0016, usado para apoio técnico ou operacional complementar.', '2026-06-24 06:32:58', '2026-06-24 06:32:58'),
	(33, 'CON-0033', 'Contrato de manutenção preventiva - EQ-0017', 1, 8, 'Gestor Contrato EQ-0017', '2024-12-19', '2028-04-08', 4100.95, 'Trimestral', 1, 1, 'Contrato principal ativo do equipamento EQ-0017, com datas coerentes com o estado apresentado.', '2026-06-24 06:32:58', '2026-06-24 06:32:58'),
	(34, 'CON-0034', 'Contrato adicional de apoio operacional - EQ-0017', 3, 6, 'Coordenador Serviço EQ-0017', '2025-04-16', '2026-07-20', 1890.80, 'Trimestral', 0, 2, 'Contrato adicional a expirar do equipamento EQ-0017, usado para apoio técnico ou operacional complementar.', '2026-06-24 06:32:58', '2026-06-24 06:32:58'),
	(35, 'CON-0035', 'Contrato de manutenção preventiva - EQ-0018', 1, 2, 'Gestor Contrato EQ-0018', '2024-08-08', '2026-04-25', 4286.30, 'Semestral', 0, 4, 'Contrato principal cancelado do equipamento EQ-0018, com datas coerentes com o estado apresentado.', '2026-06-24 06:32:58', '2026-06-24 06:32:58'),
	(36, 'CON-0036', 'Contrato adicional de apoio operacional - EQ-0018', 5, 10, 'Coordenador Serviço EQ-0018', '2024-08-07', '2026-04-25', 1983.20, 'Semestral', 0, 4, 'Contrato adicional cancelado do equipamento EQ-0018, usado para apoio técnico ou operacional complementar.', '2026-06-24 06:32:58', '2026-06-24 06:32:58'),
	(37, 'CON-0037', 'Contrato de manutenção preventiva - EQ-0019', 1, 7, 'Gestor Contrato EQ-0019', '2024-11-27', '2028-05-12', 4471.65, 'Anual', 1, 1, 'Contrato principal ativo do equipamento EQ-0019, com datas coerentes com o estado apresentado.', '2026-06-24 06:32:58', '2026-06-24 06:32:58'),
	(38, 'CON-0038', 'Contrato adicional de apoio operacional - EQ-0019', 2, 6, 'Coordenador Serviço EQ-0019', '2025-05-27', '2027-09-24', 2075.60, 'Anual', 0, 1, 'Contrato adicional ativo do equipamento EQ-0019, usado para apoio técnico ou operacional complementar.', '2026-06-24 06:32:58', '2026-06-24 06:32:58'),
	(39, 'CON-0039', 'Contrato de manutenção preventiva - EQ-0020', 1, 10, 'Gestor Contrato EQ-0020', '2024-11-16', '2028-05-29', 4657.00, 'Mensal', 1, 4, 'Contrato principal ativo do equipamento EQ-0020, com datas coerentes com o estado apresentado.', '2026-06-24 06:32:58', '2026-06-24 12:15:55'),
	(40, 'CON-0040', 'Contrato adicional de apoio operacional - EQ-0020', 3, 10, 'Coordenador Serviço EQ-0020', '2025-05-20', '2027-10-07', 2168.00, 'Mensal', 0, 4, 'Contrato adicional ativo do equipamento EQ-0020, usado para apoio técnico ou operacional complementar.', '2026-06-24 06:32:58', '2026-06-24 12:15:55'),
	(7021, 'CON-0041', 'TESTE 32', 1, 9, 'Teste 1', '2026-06-01', '2026-06-30', 12345.00, 'Trimestral', 1, 2, 'w', '2026-06-24 16:18:35', '2026-06-24 16:18:35');

-- A despejar dados para tabela db1241848.contrato_equipamentos: ~40 rows (aproximadamente)
INSERT INTO `contrato_equipamentos` (`id`, `contrato_id`, `equipamento_id`) VALUES
	(1, 1, 1),
	(2, 2, 1),
	(3, 3, 2),
	(4, 4, 2),
	(5, 5, 3),
	(6, 6, 3),
	(7, 7, 4),
	(8, 8, 4),
	(9, 9, 5),
	(10, 10, 5),
	(11, 11, 6),
	(12, 12, 6),
	(13, 13, 7),
	(14, 14, 7),
	(15, 15, 8),
	(16, 16, 8),
	(17, 17, 9),
	(18, 18, 9),
	(19, 19, 10),
	(20, 20, 10),
	(21, 21, 11),
	(22, 22, 11),
	(23, 23, 12),
	(24, 24, 12),
	(25, 25, 13),
	(26, 26, 13),
	(27, 27, 14),
	(28, 28, 14),
	(29, 29, 15),
	(30, 30, 15),
	(31, 31, 16),
	(32, 32, 16),
	(33, 33, 17),
	(34, 34, 17),
	(35, 35, 18),
	(36, 36, 18),
	(37, 37, 19),
	(38, 38, 19),
	(39, 39, 20),
	(40, 40, 20),
	(5028, 7021, 1021);

-- A despejar dados para tabela db1241848.contrato_ficheiros: ~40 rows (aproximadamente)
INSERT INTO `contrato_ficheiros` (`id`, `contrato_id`, `ficheiro_id`) VALUES
	(1, 1, 1),
	(2, 2, 2),
	(3, 3, 3),
	(4, 4, 4),
	(5, 5, 5),
	(6, 6, 6),
	(7, 7, 7),
	(8, 8, 8),
	(9, 9, 9),
	(10, 10, 10),
	(11, 11, 11),
	(12, 12, 12),
	(13, 13, 13),
	(14, 14, 14),
	(15, 15, 15),
	(16, 16, 16),
	(17, 17, 17),
	(18, 18, 18),
	(19, 19, 19),
	(20, 20, 20),
	(21, 21, 21),
	(22, 22, 22),
	(23, 23, 23),
	(24, 24, 24),
	(25, 25, 25),
	(26, 26, 26),
	(27, 27, 27),
	(28, 28, 28),
	(29, 29, 29),
	(30, 30, 30),
	(31, 31, 31),
	(32, 32, 32),
	(33, 33, 33),
	(34, 34, 34),
	(35, 35, 35),
	(36, 36, 36),
	(37, 37, 37),
	(38, 38, 38),
	(39, 39, 39),
	(40, 40, 40),
	(6021, 7021, 9089);

-- A despejar dados para tabela db1241848.criticidades: ~4 rows (aproximadamente)
INSERT INTO `criticidades` (`id`, `nome`) VALUES
	(3, 'Alta'),
	(1, 'Baixa'),
	(2, 'Média'),
	(4, 'Suporte de vida');

-- A despejar dados para tabela db1241848.documentos: ~140 rows (aproximadamente)
INSERT INTO `documentos` (`id`, `codigo`, `titulo`, `tipo_documento_id`, `area_documento_id`, `equipamento_id`, `fornecedor_id`, `responsavel`, `manutencao_id`, `data_documento`, `validade`, `estado_documento_id`, `obrigatorio`, `observacoes`, `criado_em`, `atualizado_em`) VALUES
	(1, 'DOC-0001', 'Manual de utilizador - EQ-0001', 1, 1, 1, 1, 'Responsável Documento EQ-0001', 1, '2026-01-29', '2027-07-14', 1, 1, 'Manual de utilizador - EQ-0001 registado como válido, com data e validade coerentes para o equipamento EQ-0001.', '2026-06-24 06:32:58', '2026-06-24 06:32:58'),
	(2, 'DOC-0002', 'Manual de serviço - EQ-0001', 2, 1, 1, 1, 'Responsável Documento EQ-0001', 1, '2026-01-18', '2027-07-31', 1, 1, 'Manual de serviço - EQ-0001 registado como válido, com data e validade coerentes para o equipamento EQ-0001.', '2026-06-24 06:32:58', '2026-06-24 06:32:58'),
	(3, 'DOC-0003', 'Certificado de calibração - EQ-0001', 3, 3, 1, 1, 'Responsável Documento EQ-0001', 1, '2026-01-07', '2026-12-04', 1, 1, 'Certificado de calibração - EQ-0001 registado como válido, com data e validade coerentes para o equipamento EQ-0001.', '2026-06-24 06:32:58', '2026-06-24 06:32:58'),
	(4, 'DOC-0004', 'Fatura ou guia de aquisição - EQ-0001', 4, 1, 1, 1, 'Responsável Documento EQ-0001', 1, '2025-12-27', '2027-09-03', 1, 1, 'Fatura ou guia de aquisição - EQ-0001 registado como válido, com data e validade coerentes para o equipamento EQ-0001.', '2026-06-24 06:32:58', '2026-06-24 06:32:58'),
	(5, 'DOC-0005', 'Declaração de conformidade - EQ-0001', 5, 1, 1, 1, 'Responsável Documento EQ-0001', 1, '2025-12-16', '2027-09-20', 1, 1, 'Declaração de conformidade - EQ-0001 registado como válido, com data e validade coerentes para o equipamento EQ-0001.', '2026-06-24 06:32:58', '2026-06-24 06:32:58'),
	(6, 'DOC-0006', 'Relatório técnico - EQ-0001', 6, 1, 1, 1, 'Responsável Documento EQ-0001', 1, '2025-12-05', '2027-01-22', 1, 1, 'Relatório técnico - EQ-0001 registado como válido, com data e validade coerentes para o equipamento EQ-0001.', '2026-06-24 06:32:58', '2026-06-24 06:32:58'),
	(7, 'DOC-0007', 'Ficha técnica complementar - EQ-0001', 7, 1, 1, 1, 'Responsável Extra EQ-0001', 1, '2025-11-24', '2027-04-26', 1, 0, 'Ficha técnica complementar - EQ-0001 registado como válido, com data e validade coerentes para o equipamento EQ-0001.', '2026-06-24 06:32:58', '2026-06-24 06:32:58'),
	(8, 'DOC-0008', 'Manual de utilizador - EQ-0002', 1, 1, 2, 2, 'Responsável Documento EQ-0002', 2, '2026-01-24', '2027-07-22', 1, 1, 'Manual de utilizador - EQ-0002 registado como válido, com data e validade coerentes para o equipamento EQ-0002.', '2026-06-24 06:32:58', '2026-06-24 06:32:58'),
	(9, 'DOC-0009', 'Manual de serviço - EQ-0002', 2, 1, 2, 2, 'Responsável Documento EQ-0002', 2, '2026-01-13', '2027-08-08', 1, 1, 'Manual de serviço - EQ-0002 registado como válido, com data e validade coerentes para o equipamento EQ-0002.', '2026-06-24 06:32:58', '2026-06-24 06:32:58'),
	(10, 'DOC-0010', 'Certificado de calibração - EQ-0002', 3, 3, 2, 2, 'Responsável Documento EQ-0002', 2, '2026-01-02', '2026-07-11', 4, 1, 'Certificado de calibração - EQ-0002 registado como a expirar, com data e validade coerentes para o equipamento EQ-0002.', '2026-06-24 06:32:58', '2026-06-24 06:32:58'),
	(11, 'DOC-0011', 'Fatura ou guia de aquisição - EQ-0002', 4, 1, 2, 2, 'Responsável Documento EQ-0002', 2, '2025-12-22', '2027-09-11', 1, 1, 'Fatura ou guia de aquisição - EQ-0002 registado como válido, com data e validade coerentes para o equipamento EQ-0002.', '2026-06-24 06:32:58', '2026-06-24 06:32:58'),
	(12, 'DOC-0012', 'Declaração de conformidade - EQ-0002', 5, 1, 2, 2, 'Responsável Documento EQ-0002', 2, '2025-12-11', '2027-09-28', 1, 1, 'Declaração de conformidade - EQ-0002 registado como válido, com data e validade coerentes para o equipamento EQ-0002.', '2026-06-24 06:32:58', '2026-06-24 06:32:58'),
	(13, 'DOC-0013', 'Relatório técnico - EQ-0002', 6, 1, 2, 2, 'Responsável Documento EQ-0002', 2, '2025-11-30', '2027-01-24', 1, 1, 'Relatório técnico - EQ-0002 registado como válido, com data e validade coerentes para o equipamento EQ-0002.', '2026-06-24 06:32:58', '2026-06-24 06:32:58'),
	(14, 'DOC-0014', 'Relatório de intervenção extra - EQ-0002', 9, 3, 2, 2, 'Responsável Extra EQ-0002', 2, '2025-11-19', '2027-05-02', 1, 0, 'Relatório de intervenção extra - EQ-0002 registado como válido, com data e validade coerentes para o equipamento EQ-0002.', '2026-06-24 06:32:58', '2026-06-24 06:32:58'),
	(15, 'DOC-0015', 'Manual de utilizador - EQ-0003', 1, 1, 3, 3, 'Responsável Documento EQ-0003', 3, '2026-01-19', '2027-07-30', 1, 1, 'Manual de utilizador - EQ-0003 registado como válido, com data e validade coerentes para o equipamento EQ-0003.', '2026-06-24 06:32:58', '2026-06-24 06:32:58'),
	(16, 'DOC-0016', 'Manual de serviço - EQ-0003', 2, 1, 3, 3, 'Responsável Documento EQ-0003', 3, '2026-01-08', '2027-08-16', 1, 1, 'Manual de serviço - EQ-0003 registado como válido, com data e validade coerentes para o equipamento EQ-0003.', '2026-06-24 06:32:58', '2026-06-24 06:32:58'),
	(17, 'DOC-0017', 'Certificado de calibração - EQ-0003', 3, 3, 3, 3, 'Responsável Documento EQ-0003', 3, '2025-12-28', '2026-12-10', 1, 1, 'Certificado de calibração - EQ-0003 registado como válido, com data e validade coerentes para o equipamento EQ-0003.', '2026-06-24 06:32:58', '2026-06-24 06:32:58'),
	(18, 'DOC-0018', 'Fatura ou guia de aquisição - EQ-0003', 4, 1, 3, 3, 'Responsável Documento EQ-0003', 3, '2025-12-17', '2027-09-19', 1, 1, 'Fatura ou guia de aquisição - EQ-0003 registado como válido, com data e validade coerentes para o equipamento EQ-0003.', '2026-06-24 06:32:58', '2026-06-24 06:32:58'),
	(19, 'DOC-0019', 'Declaração de conformidade - EQ-0003', 5, 1, 3, 3, 'Responsável Documento EQ-0003', 3, '2025-12-06', '2027-10-06', 1, 1, 'Declaração de conformidade - EQ-0003 registado como válido, com data e validade coerentes para o equipamento EQ-0003.', '2026-06-24 06:32:58', '2026-06-24 06:32:58'),
	(20, 'DOC-0020', 'Relatório técnico - EQ-0003', 6, 1, 3, 3, 'Responsável Documento EQ-0003', 3, '2025-11-25', '2027-01-26', 1, 1, 'Relatório técnico - EQ-0003 registado como válido, com data e validade coerentes para o equipamento EQ-0003.', '2026-06-24 06:32:58', '2026-06-24 06:32:58'),
	(21, 'DOC-0021', 'Registo de manutenção adicional - EQ-0003', 8, 3, 3, 3, 'Responsável Extra EQ-0003', 3, '2025-11-14', '2027-05-08', 1, 0, 'Registo de manutenção adicional - EQ-0003 registado como válido, com data e validade coerentes para o equipamento EQ-0003.', '2026-06-24 06:32:58', '2026-06-24 06:32:58'),
	(22, 'DOC-0022', 'Manual de utilizador - EQ-0004', 1, 1, 4, 4, 'Responsável Documento EQ-0004', 4, '2026-01-14', '2027-08-07', 1, 1, 'Manual de utilizador - EQ-0004 registado como válido, com data e validade coerentes para o equipamento EQ-0004.', '2026-06-24 06:32:58', '2026-06-24 06:32:58'),
	(23, 'DOC-0023', 'Manual de serviço - EQ-0004', 2, 1, 4, 4, 'Responsável Documento EQ-0004', 4, '2026-01-03', '2027-08-24', 1, 1, 'Manual de serviço - EQ-0004 registado como válido, com data e validade coerentes para o equipamento EQ-0004.', '2026-06-24 06:32:58', '2026-06-24 06:32:58'),
	(24, 'DOC-0024', 'Certificado de calibração - EQ-0004', 3, 3, 4, 4, 'Responsável Documento EQ-0004', 4, '2025-12-23', '2026-06-10', 3, 1, 'Certificado de calibração - EQ-0004 registado como expirado, com data e validade coerentes para o equipamento EQ-0004.', '2026-06-24 06:32:58', '2026-06-24 06:32:58'),
	(25, 'DOC-0025', 'Fatura ou guia de aquisição - EQ-0004', 4, 1, 4, 4, 'Responsável Documento EQ-0004', 4, '2025-12-12', '2027-09-27', 1, 1, 'Fatura ou guia de aquisição - EQ-0004 registado como válido, com data e validade coerentes para o equipamento EQ-0004.', '2026-06-24 06:32:58', '2026-06-24 06:32:58'),
	(26, 'DOC-0026', 'Declaração de conformidade - EQ-0004', 5, 1, 4, 4, 'Responsável Documento EQ-0004', 4, '2025-12-01', '2027-10-14', 1, 1, 'Declaração de conformidade - EQ-0004 registado como válido, com data e validade coerentes para o equipamento EQ-0004.', '2026-06-24 06:32:58', '2026-06-24 06:32:58'),
	(27, 'DOC-0027', 'Relatório técnico - EQ-0004', 6, 1, 4, 4, 'Responsável Documento EQ-0004', 4, '2025-11-20', '2027-01-28', 1, 1, 'Relatório técnico - EQ-0004 registado como válido, com data e validade coerentes para o equipamento EQ-0004.', '2026-06-24 06:32:58', '2026-06-24 06:32:58'),
	(28, 'DOC-0028', 'Documento complementar - EQ-0004', 10, 1, 4, 4, 'Responsável Extra EQ-0004', 4, '2025-11-09', '2027-05-14', 1, 0, 'Documento complementar - EQ-0004 registado como válido, com data e validade coerentes para o equipamento EQ-0004.', '2026-06-24 06:32:58', '2026-06-24 06:32:58'),
	(29, 'DOC-0029', 'Manual de utilizador - EQ-0005', 1, 1, 5, 5, 'Responsável Documento EQ-0005', 5, '2026-01-09', '2027-08-15', 1, 1, 'Manual de utilizador - EQ-0005 registado como válido, com data e validade coerentes para o equipamento EQ-0005.', '2026-06-24 06:32:58', '2026-06-24 06:32:58'),
	(30, 'DOC-0030', 'Manual de serviço - EQ-0005', 2, 1, 5, 5, 'Responsável Documento EQ-0005', 5, '2025-12-29', '2027-09-01', 1, 1, 'Manual de serviço - EQ-0005 registado como válido, com data e validade coerentes para o equipamento EQ-0005.', '2026-06-24 06:32:58', '2026-06-24 06:32:58'),
	(31, 'DOC-0031', 'Certificado de calibração - EQ-0005', 3, 3, 5, 5, 'Responsável Documento EQ-0005', 5, '2025-12-18', '2026-12-16', 1, 1, 'Certificado de calibração - EQ-0005 registado como válido, com data e validade coerentes para o equipamento EQ-0005.', '2026-06-24 06:32:58', '2026-06-24 06:32:58'),
	(32, 'DOC-0032', 'Fatura ou guia de aquisição - EQ-0005', 4, 1, 5, 5, 'Responsável Documento EQ-0005', 5, '2025-12-07', '2027-10-05', 1, 1, 'Fatura ou guia de aquisição - EQ-0005 registado como válido, com data e validade coerentes para o equipamento EQ-0005.', '2026-06-24 06:32:58', '2026-06-24 06:32:58'),
	(33, 'DOC-0033', 'Declaração de conformidade - EQ-0005', 5, 1, 5, 5, 'Responsável Documento EQ-0005', 5, '2025-11-26', '2027-10-22', 1, 1, 'Declaração de conformidade - EQ-0005 registado como válido, com data e validade coerentes para o equipamento EQ-0005.', '2026-06-24 06:32:58', '2026-06-24 06:32:58'),
	(34, 'DOC-0034', 'Relatório técnico - EQ-0005', 6, 1, 5, 5, 'Responsável Documento EQ-0005', 5, '2025-11-15', '2026-08-13', 2, 1, 'Relatório técnico - EQ-0005 registado como por rever, com data e validade coerentes para o equipamento EQ-0005.', '2026-06-24 06:32:58', '2026-06-24 06:32:58'),
	(35, 'DOC-0035', 'Ficha técnica complementar - EQ-0005', 7, 1, 5, 5, 'Responsável Extra EQ-0005', 5, '2025-11-04', '2027-05-20', 1, 0, 'Ficha técnica complementar - EQ-0005 registado como válido, com data e validade coerentes para o equipamento EQ-0005.', '2026-06-24 06:32:58', '2026-06-24 06:32:58'),
	(36, 'DOC-0036', 'Manual de utilizador - EQ-0006', 1, 1, 6, 5, 'Responsável Documento EQ-0006', 6, '2026-01-04', '2027-08-23', 1, 1, 'Manual de utilizador - EQ-0006 registado como válido, com data e validade coerentes para o equipamento EQ-0006.', '2026-06-24 06:32:58', '2026-06-24 06:32:58'),
	(37, 'DOC-0037', 'Manual de serviço - EQ-0006', 2, 1, 6, 5, 'Responsável Documento EQ-0006', 6, '2025-12-24', '2027-09-09', 1, 1, 'Manual de serviço - EQ-0006 registado como válido, com data e validade coerentes para o equipamento EQ-0006.', '2026-06-24 06:32:58', '2026-06-24 06:32:58'),
	(38, 'DOC-0038', 'Certificado de calibração - EQ-0006', 3, 3, 6, 5, 'Responsável Documento EQ-0006', 6, '2025-12-13', '2026-12-19', 1, 1, 'Certificado de calibração - EQ-0006 registado como válido, com data e validade coerentes para o equipamento EQ-0006.', '2026-06-24 06:32:58', '2026-06-24 06:32:58'),
	(39, 'DOC-0039', 'Fatura ou guia de aquisição - EQ-0006', 4, 1, 6, 5, 'Responsável Documento EQ-0006', 6, '2025-12-02', '2027-10-13', 1, 1, 'Fatura ou guia de aquisição - EQ-0006 registado como válido, com data e validade coerentes para o equipamento EQ-0006.', '2026-06-24 06:32:58', '2026-06-24 06:32:58'),
	(40, 'DOC-0040', 'Declaração de conformidade - EQ-0006', 5, 1, 6, 5, 'Responsável Documento EQ-0006', 6, '2025-11-21', '2027-10-30', 1, 1, 'Declaração de conformidade - EQ-0006 registado como válido, com data e validade coerentes para o equipamento EQ-0006.', '2026-06-24 06:32:58', '2026-06-24 06:32:58'),
	(41, 'DOC-0041', 'Relatório técnico - EQ-0006', 6, 1, 6, 5, 'Responsável Documento EQ-0006', 6, '2025-11-10', '2027-02-01', 1, 1, 'Relatório técnico - EQ-0006 registado como válido, com data e validade coerentes para o equipamento EQ-0006.', '2026-06-24 06:32:58', '2026-06-24 06:32:58'),
	(42, 'DOC-0042', 'Relatório de intervenção extra - EQ-0006', 9, 3, 6, 5, 'Responsável Extra EQ-0006', 6, '2025-10-30', '2026-07-20', 4, 0, 'Relatório de intervenção extra - EQ-0006 registado como a expirar, com data e validade coerentes para o equipamento EQ-0006.', '2026-06-24 06:32:58', '2026-06-24 06:32:58'),
	(43, 'DOC-0043', 'Manual de utilizador - EQ-0007', 1, 1, 7, 7, 'Responsável Documento EQ-0007', 7, '2025-12-30', '2027-08-31', 1, 1, 'Manual de utilizador - EQ-0007 registado como válido, com data e validade coerentes para o equipamento EQ-0007.', '2026-06-24 06:32:58', '2026-06-24 06:32:58'),
	(44, 'DOC-0044', 'Manual de serviço - EQ-0007', 2, 1, 7, 7, 'Responsável Documento EQ-0007', 7, '2025-12-19', '2027-09-17', 1, 1, 'Manual de serviço - EQ-0007 registado como válido, com data e validade coerentes para o equipamento EQ-0007.', '2026-06-24 06:32:58', '2026-06-24 06:32:58'),
	(45, 'DOC-0045', 'Certificado de calibração - EQ-0007', 3, 3, 7, 7, 'Responsável Documento EQ-0007', 7, '2025-12-08', '2026-07-16', 4, 1, 'Certificado de calibração - EQ-0007 registado como a expirar, com data e validade coerentes para o equipamento EQ-0007.', '2026-06-24 06:32:58', '2026-06-24 06:32:58'),
	(46, 'DOC-0046', 'Fatura ou guia de aquisição - EQ-0007', 4, 1, 7, 7, 'Responsável Documento EQ-0007', 7, '2025-11-27', '2027-10-21', 1, 1, 'Fatura ou guia de aquisição - EQ-0007 registado como válido, com data e validade coerentes para o equipamento EQ-0007.', '2026-06-24 06:32:58', '2026-06-24 06:32:58'),
	(47, 'DOC-0047', 'Declaração de conformidade - EQ-0007', 5, 1, 7, 7, 'Responsável Documento EQ-0007', 7, '2025-11-16', '2027-11-07', 1, 1, 'Declaração de conformidade - EQ-0007 registado como válido, com data e validade coerentes para o equipamento EQ-0007.', '2026-06-24 06:32:58', '2026-06-24 06:32:58'),
	(48, 'DOC-0048', 'Relatório técnico - EQ-0007', 6, 1, 7, 7, 'Responsável Documento EQ-0007', 7, '2025-11-05', '2027-02-03', 1, 1, 'Relatório técnico - EQ-0007 registado como válido, com data e validade coerentes para o equipamento EQ-0007.', '2026-06-24 06:32:58', '2026-06-24 06:32:58'),
	(49, 'DOC-0049', 'Registo de manutenção adicional - EQ-0007', 8, 3, 7, 7, 'Responsável Extra EQ-0007', 7, '2025-10-25', '2027-06-01', 1, 0, 'Registo de manutenção adicional - EQ-0007 registado como válido, com data e validade coerentes para o equipamento EQ-0007.', '2026-06-24 06:32:58', '2026-06-24 06:32:58'),
	(50, 'DOC-0050', 'Manual de utilizador - EQ-0008', 1, 1, 8, 8, 'Responsável Documento EQ-0008', 8, '2025-12-25', '2027-09-08', 1, 1, 'Manual de utilizador - EQ-0008 registado como válido, com data e validade coerentes para o equipamento EQ-0008.', '2026-06-24 06:32:58', '2026-06-24 06:32:58'),
	(51, 'DOC-0051', 'Manual de serviço - EQ-0008', 2, 1, 8, 8, 'Responsável Documento EQ-0008', 8, '2025-12-14', '2027-09-25', 1, 1, 'Manual de serviço - EQ-0008 registado como válido, com data e validade coerentes para o equipamento EQ-0008.', '2026-06-24 06:32:58', '2026-06-24 06:32:58'),
	(52, 'DOC-0052', 'Certificado de calibração - EQ-0008', 3, 3, 8, 8, 'Responsável Documento EQ-0008', 8, '2025-12-03', '2026-12-25', 1, 1, 'Certificado de calibração - EQ-0008 registado como válido, com data e validade coerentes para o equipamento EQ-0008.', '2026-06-24 06:32:58', '2026-06-24 06:32:58'),
	(53, 'DOC-0053', 'Fatura ou guia de aquisição - EQ-0008', 4, 1, 8, 8, 'Responsável Documento EQ-0008', 8, '2025-11-22', '2027-10-29', 1, 1, 'Fatura ou guia de aquisição - EQ-0008 registado como válido, com data e validade coerentes para o equipamento EQ-0008.', '2026-06-24 06:32:58', '2026-06-24 06:32:58'),
	(54, 'DOC-0054', 'Declaração de conformidade - EQ-0008', 5, 1, 8, 8, 'Responsável Documento EQ-0008', 8, '2025-11-11', '2027-11-15', 1, 1, 'Declaração de conformidade - EQ-0008 registado como válido, com data e validade coerentes para o equipamento EQ-0008.', '2026-06-24 06:32:58', '2026-06-24 06:32:58'),
	(55, 'DOC-0055', 'Relatório técnico - EQ-0008', 6, 1, 8, 8, 'Responsável Documento EQ-0008', 8, '2025-10-31', '2027-02-05', 1, 1, 'Relatório técnico - EQ-0008 registado como válido, com data e validade coerentes para o equipamento EQ-0008.', '2026-06-24 06:32:58', '2026-06-24 06:32:58'),
	(56, 'DOC-0056', 'Documento complementar - EQ-0008', 10, 1, 8, 8, 'Responsável Extra EQ-0008', 8, '2025-10-20', '2026-05-27', 3, 0, 'Documento complementar - EQ-0008 registado como expirado, com data e validade coerentes para o equipamento EQ-0008.', '2026-06-24 06:32:58', '2026-06-24 06:32:58'),
	(57, 'DOC-0057', 'Manual de utilizador - EQ-0009', 1, 1, 9, 1, 'Responsável Documento EQ-0009', 9, '2025-12-20', '2027-09-16', 1, 1, 'Manual de utilizador - EQ-0009 registado como válido, com data e validade coerentes para o equipamento EQ-0009.', '2026-06-24 06:32:58', '2026-06-24 06:32:58'),
	(58, 'DOC-0058', 'Manual de serviço - EQ-0009', 2, 1, 9, 1, 'Responsável Documento EQ-0009', 9, '2025-12-09', '2027-10-03', 1, 1, 'Manual de serviço - EQ-0009 registado como válido, com data e validade coerentes para o equipamento EQ-0009.', '2026-06-24 06:32:58', '2026-06-24 06:32:58'),
	(59, 'DOC-0059', 'Certificado de calibração - EQ-0009', 3, 3, 9, 1, 'Responsável Documento EQ-0009', 9, '2025-11-28', '2026-12-28', 1, 1, 'Certificado de calibração - EQ-0009 registado como válido, com data e validade coerentes para o equipamento EQ-0009.', '2026-06-24 06:32:58', '2026-06-24 06:32:58'),
	(60, 'DOC-0060', 'Fatura ou guia de aquisição - EQ-0009', 4, 1, 9, 1, 'Responsável Documento EQ-0009', 9, '2025-11-17', '2027-11-06', 1, 1, 'Fatura ou guia de aquisição - EQ-0009 registado como válido, com data e validade coerentes para o equipamento EQ-0009.', '2026-06-24 06:32:58', '2026-06-24 06:32:58'),
	(61, 'DOC-0061', 'Declaração de conformidade - EQ-0009', 5, 1, 9, 1, 'Responsável Documento EQ-0009', 9, '2025-11-06', '2027-11-23', 1, 1, 'Declaração de conformidade - EQ-0009 registado como válido, com data e validade coerentes para o equipamento EQ-0009.', '2026-06-24 06:32:58', '2026-06-24 06:32:58'),
	(62, 'DOC-0062', 'Relatório técnico - EQ-0009', 6, 1, 9, 1, 'Responsável Documento EQ-0009', 9, '2025-10-26', '2027-02-07', 1, 1, 'Relatório técnico - EQ-0009 registado como válido, com data e validade coerentes para o equipamento EQ-0009.', '2026-06-24 06:32:58', '2026-06-24 06:32:58'),
	(63, 'DOC-0063', 'Ficha técnica complementar - EQ-0009', 7, 1, 9, 1, 'Responsável Extra EQ-0009', 9, '2025-10-15', '2026-05-26', 3, 0, 'Ficha técnica complementar - EQ-0009 registado como expirado, com data e validade coerentes para o equipamento EQ-0009.', '2026-06-24 06:32:58', '2026-06-24 06:32:58'),
	(64, 'DOC-0064', 'Manual de utilizador - EQ-0010', 1, 1, 10, 3, 'Responsável Documento EQ-0010', 10, '2025-12-15', '2027-09-24', 1, 1, 'Manual de utilizador - EQ-0010 registado como válido, com data e validade coerentes para o equipamento EQ-0010.', '2026-06-24 06:32:58', '2026-06-24 06:32:58'),
	(65, 'DOC-0065', 'Manual de serviço - EQ-0010', 2, 1, 10, 3, 'Responsável Documento EQ-0010', 10, '2025-12-04', '2027-10-11', 1, 1, 'Manual de serviço - EQ-0010 registado como válido, com data e validade coerentes para o equipamento EQ-0010.', '2026-06-24 06:32:58', '2026-06-24 06:32:58'),
	(66, 'DOC-0066', 'Certificado de calibração - EQ-0010', 3, 3, 10, 3, 'Responsável Documento EQ-0010', 10, '2025-11-23', '2026-06-04', 3, 1, 'Certificado de calibração - EQ-0010 registado como expirado, com data e validade coerentes para o equipamento EQ-0010.', '2026-06-24 06:32:58', '2026-06-24 06:32:58'),
	(67, 'DOC-0067', 'Fatura ou guia de aquisição - EQ-0010', 4, 1, 10, 3, 'Responsável Documento EQ-0010', 10, '2025-11-12', '2027-11-14', 1, 1, 'Fatura ou guia de aquisição - EQ-0010 registado como válido, com data e validade coerentes para o equipamento EQ-0010.', '2026-06-24 06:32:58', '2026-06-24 06:32:58'),
	(68, 'DOC-0068', 'Declaração de conformidade - EQ-0010', 5, 1, 10, 3, 'Responsável Documento EQ-0010', 10, '2025-11-01', '2027-12-01', 1, 1, 'Declaração de conformidade - EQ-0010 registado como válido, com data e validade coerentes para o equipamento EQ-0010.', '2026-06-24 06:32:58', '2026-06-24 06:32:58'),
	(69, 'DOC-0069', 'Relatório técnico - EQ-0010', 6, 1, 10, 3, 'Responsável Documento EQ-0010', 10, '2025-10-21', '2027-02-09', 1, 1, 'Relatório técnico - EQ-0010 registado como válido, com data e validade coerentes para o equipamento EQ-0010.', '2026-06-24 06:32:58', '2026-06-24 06:32:58'),
	(70, 'DOC-0070', 'Relatório de intervenção extra - EQ-0010', 9, 3, 10, 3, 'Responsável Extra EQ-0010', 10, '2025-10-10', '2027-06-19', 1, 0, 'Relatório de intervenção extra - EQ-0010 registado como válido, com data e validade coerentes para o equipamento EQ-0010.', '2026-06-24 06:32:58', '2026-06-24 06:32:58'),
	(71, 'DOC-0071', 'Manual de utilizador - EQ-0011', 1, 1, 11, 4, 'Responsável Documento EQ-0011', 11, '2025-12-10', '2027-10-02', 1, 1, 'Manual de utilizador - EQ-0011 registado como válido, com data e validade coerentes para o equipamento EQ-0011.', '2026-06-24 06:32:58', '2026-06-24 06:32:58'),
	(72, 'DOC-0072', 'Manual de serviço - EQ-0011', 2, 1, 11, 4, 'Responsável Documento EQ-0011', 11, '2025-11-29', '2027-10-19', 1, 1, 'Manual de serviço - EQ-0011 registado como válido, com data e validade coerentes para o equipamento EQ-0011.', '2026-06-24 06:32:58', '2026-06-24 06:32:58'),
	(73, 'DOC-0073', 'Certificado de calibração - EQ-0011', 3, 3, 11, 4, 'Responsável Documento EQ-0011', 11, '2025-11-18', '2027-01-03', 1, 1, 'Certificado de calibração - EQ-0011 registado como válido, com data e validade coerentes para o equipamento EQ-0011.', '2026-06-24 06:32:58', '2026-06-24 06:32:58'),
	(74, 'DOC-0074', 'Fatura ou guia de aquisição - EQ-0011', 4, 1, 11, 4, 'Responsável Documento EQ-0011', 11, '2025-11-07', '2027-11-22', 1, 1, 'Fatura ou guia de aquisição - EQ-0011 registado como válido, com data e validade coerentes para o equipamento EQ-0011.', '2026-06-24 06:32:58', '2026-06-24 06:32:58'),
	(75, 'DOC-0075', 'Declaração de conformidade - EQ-0011', 5, 1, 11, 4, 'Responsável Documento EQ-0011', 11, '2025-10-27', '2027-12-09', 1, 1, 'Declaração de conformidade - EQ-0011 registado como válido, com data e validade coerentes para o equipamento EQ-0011.', '2026-06-24 06:32:58', '2026-06-24 06:32:58'),
	(76, 'DOC-0076', 'Relatório técnico - EQ-0011', 6, 1, 11, 4, 'Responsável Documento EQ-0011', 11, '2025-10-16', '2026-08-19', 2, 1, 'Relatório técnico - EQ-0011 registado como por rever, com data e validade coerentes para o equipamento EQ-0011.', '2026-06-24 06:32:58', '2026-06-24 06:32:58'),
	(77, 'DOC-0077', 'Registo de manutenção adicional - EQ-0011', 8, 3, 11, 4, 'Responsável Extra EQ-0011', 11, '2025-10-05', '2027-06-25', 1, 0, 'Registo de manutenção adicional - EQ-0011 registado como válido, com data e validade coerentes para o equipamento EQ-0011.', '2026-06-24 06:32:58', '2026-06-24 06:32:58'),
	(78, 'DOC-0078', 'Manual de utilizador - EQ-0012', 1, 1, 12, 7, 'Responsável Documento EQ-0012', 12, '2025-12-05', '2027-10-10', 1, 1, 'Manual de utilizador - EQ-0012 registado como válido, com data e validade coerentes para o equipamento EQ-0012.', '2026-06-24 06:32:58', '2026-06-24 06:32:58'),
	(79, 'DOC-0079', 'Manual de serviço - EQ-0012', 2, 1, 12, 7, 'Responsável Documento EQ-0012', 12, '2025-11-24', '2027-10-27', 1, 1, 'Manual de serviço - EQ-0012 registado como válido, com data e validade coerentes para o equipamento EQ-0012.', '2026-06-24 06:32:58', '2026-06-24 06:32:58'),
	(80, 'DOC-0080', 'Certificado de calibração - EQ-0012', 3, 3, 12, 7, 'Responsável Documento EQ-0012', 12, '2025-11-13', '2026-06-02', 3, 1, 'Certificado de calibração - EQ-0012 registado como expirado, com data e validade coerentes para o equipamento EQ-0012.', '2026-06-24 06:32:58', '2026-06-24 06:32:58'),
	(81, 'DOC-0081', 'Fatura ou guia de aquisição - EQ-0012', 4, 1, 12, 7, 'Responsável Documento EQ-0012', 12, '2025-11-02', '2027-11-30', 1, 1, 'Fatura ou guia de aquisição - EQ-0012 registado como válido, com data e validade coerentes para o equipamento EQ-0012.', '2026-06-24 06:32:58', '2026-06-24 06:32:58'),
	(82, 'DOC-0082', 'Declaração de conformidade - EQ-0012', 5, 1, 12, 7, 'Responsável Documento EQ-0012', 12, '2025-10-22', '2027-12-17', 1, 1, 'Declaração de conformidade - EQ-0012 registado como válido, com data e validade coerentes para o equipamento EQ-0012.', '2026-06-24 06:32:58', '2026-06-24 06:32:58'),
	(83, 'DOC-0083', 'Relatório técnico - EQ-0012', 6, 1, 12, 7, 'Responsável Documento EQ-0012', 12, '2025-10-11', '2027-02-13', 1, 1, 'Relatório técnico - EQ-0012 registado como válido, com data e validade coerentes para o equipamento EQ-0012.', '2026-06-24 06:32:58', '2026-06-24 06:32:58'),
	(84, 'DOC-0084', 'Documento complementar - EQ-0012', 10, 1, 12, 7, 'Responsável Extra EQ-0012', 12, '2025-09-30', '2027-07-01', 1, 0, 'Documento complementar - EQ-0012 registado como válido, com data e validade coerentes para o equipamento EQ-0012.', '2026-06-24 06:32:58', '2026-06-24 06:32:58'),
	(85, 'DOC-0085', 'Manual de utilizador - EQ-0013', 1, 1, 13, 1, 'Responsável Documento EQ-0013', 13, '2025-11-30', '2027-10-18', 1, 1, 'Manual de utilizador - EQ-0013 registado como válido, com data e validade coerentes para o equipamento EQ-0013.', '2026-06-24 06:32:58', '2026-06-24 06:32:58'),
	(86, 'DOC-0086', 'Manual de serviço - EQ-0013', 2, 1, 13, 1, 'Responsável Documento EQ-0013', 13, '2025-11-19', '2027-11-04', 1, 1, 'Manual de serviço - EQ-0013 registado como válido, com data e validade coerentes para o equipamento EQ-0013.', '2026-06-24 06:32:58', '2026-06-24 06:32:58'),
	(87, 'DOC-0087', 'Certificado de calibração - EQ-0013', 3, 3, 13, 1, 'Responsável Documento EQ-0013', 13, '2025-11-08', '2027-01-09', 1, 1, 'Certificado de calibração - EQ-0013 registado como válido, com data e validade coerentes para o equipamento EQ-0013.', '2026-06-24 06:32:58', '2026-06-24 06:32:58'),
	(88, 'DOC-0088', 'Fatura ou guia de aquisição - EQ-0013', 4, 1, 13, 1, 'Responsável Documento EQ-0013', 13, '2025-10-28', '2027-12-08', 1, 1, 'Fatura ou guia de aquisição - EQ-0013 registado como válido, com data e validade coerentes para o equipamento EQ-0013.', '2026-06-24 06:32:58', '2026-06-24 06:32:58'),
	(89, 'DOC-0089', 'Declaração de conformidade - EQ-0013', 5, 1, 13, 1, 'Responsável Documento EQ-0013', 13, '2025-10-17', '2027-12-25', 1, 1, 'Declaração de conformidade - EQ-0013 registado como válido, com data e validade coerentes para o equipamento EQ-0013.', '2026-06-24 06:32:58', '2026-06-24 06:32:58'),
	(90, 'DOC-0090', 'Relatório técnico - EQ-0013', 6, 1, 13, 1, 'Responsável Documento EQ-0013', 13, '2025-10-06', '2027-02-15', 1, 1, 'Relatório técnico - EQ-0013 registado como válido, com data e validade coerentes para o equipamento EQ-0013.', '2026-06-24 06:32:58', '2026-06-24 06:32:58'),
	(91, 'DOC-0091', 'Ficha técnica complementar - EQ-0013', 7, 1, 13, 1, 'Responsável Extra EQ-0013', 13, '2025-09-25', '2026-07-19', 4, 0, 'Ficha técnica complementar - EQ-0013 registado como a expirar, com data e validade coerentes para o equipamento EQ-0013.', '2026-06-24 06:32:58', '2026-06-24 06:32:58'),
	(92, 'DOC-0092', 'Manual de utilizador - EQ-0014', 1, 1, 14, 2, 'Responsável Documento EQ-0014', 14, '2025-11-25', '2027-10-26', 1, 1, 'Manual de utilizador - EQ-0014 registado como válido, com data e validade coerentes para o equipamento EQ-0014.', '2026-06-24 06:32:58', '2026-06-24 06:32:58'),
	(93, 'DOC-0093', 'Manual de serviço - EQ-0014', 2, 1, 14, 2, 'Responsável Documento EQ-0014', 14, '2025-11-14', '2027-11-12', 1, 1, 'Manual de serviço - EQ-0014 registado como válido, com data e validade coerentes para o equipamento EQ-0014.', '2026-06-24 06:32:58', '2026-06-24 06:32:58'),
	(94, 'DOC-0094', 'Certificado de calibração - EQ-0014', 3, 3, 14, 2, 'Responsável Documento EQ-0014', 14, '2025-11-03', '2026-05-31', 3, 1, 'Certificado de calibração - EQ-0014 registado como expirado, com data e validade coerentes para o equipamento EQ-0014.', '2026-06-24 06:32:58', '2026-06-24 06:32:58'),
	(95, 'DOC-0095', 'Fatura ou guia de aquisição - EQ-0014', 4, 1, 14, 2, 'Responsável Documento EQ-0014', 14, '2025-10-23', '2027-12-16', 1, 1, 'Fatura ou guia de aquisição - EQ-0014 registado como válido, com data e validade coerentes para o equipamento EQ-0014.', '2026-06-24 06:32:58', '2026-06-24 06:32:58'),
	(96, 'DOC-0096', 'Declaração de conformidade - EQ-0014', 5, 1, 14, 2, 'Responsável Documento EQ-0014', 14, '2025-10-12', '2028-01-02', 1, 1, 'Declaração de conformidade - EQ-0014 registado como válido, com data e validade coerentes para o equipamento EQ-0014.', '2026-06-24 06:32:58', '2026-06-24 06:32:58'),
	(97, 'DOC-0097', 'Relatório técnico - EQ-0014', 6, 1, 14, 2, 'Responsável Documento EQ-0014', 14, '2025-10-01', '2027-02-17', 1, 1, 'Relatório técnico - EQ-0014 registado como válido, com data e validade coerentes para o equipamento EQ-0014.', '2026-06-24 06:32:58', '2026-06-24 06:32:58'),
	(98, 'DOC-0098', 'Relatório de intervenção extra - EQ-0014', 9, 3, 14, 2, 'Responsável Extra EQ-0014', 14, '2025-09-20', '2027-07-13', 1, 0, 'Relatório de intervenção extra - EQ-0014 registado como válido, com data e validade coerentes para o equipamento EQ-0014.', '2026-06-24 06:32:58', '2026-06-24 06:32:58'),
	(99, 'DOC-0099', 'Manual de utilizador - EQ-0015', 1, 1, 15, 3, 'Responsável Documento EQ-0015', 15, '2025-11-20', '2027-11-03', 1, 1, 'Manual de utilizador - EQ-0015 registado como válido, com data e validade coerentes para o equipamento EQ-0015.', '2026-06-24 06:32:58', '2026-06-24 06:32:58'),
	(100, 'DOC-0100', 'Manual de serviço - EQ-0015', 2, 1, 15, 3, 'Responsável Documento EQ-0015', 15, '2025-11-09', '2027-11-20', 1, 1, 'Manual de serviço - EQ-0015 registado como válido, com data e validade coerentes para o equipamento EQ-0015.', '2026-06-24 06:32:58', '2026-06-24 06:32:58'),
	(101, 'DOC-0101', 'Certificado de calibração - EQ-0015', 3, 3, 15, 3, 'Responsável Documento EQ-0015', 15, '2025-10-29', '2027-01-15', 1, 1, 'Certificado de calibração - EQ-0015 registado como válido, com data e validade coerentes para o equipamento EQ-0015.', '2026-06-24 06:32:58', '2026-06-24 06:32:58'),
	(102, 'DOC-0102', 'Fatura ou guia de aquisição - EQ-0015', 4, 1, 15, 3, 'Responsável Documento EQ-0015', 15, '2025-10-18', '2027-12-24', 1, 1, 'Fatura ou guia de aquisição - EQ-0015 registado como válido, com data e validade coerentes para o equipamento EQ-0015.', '2026-06-24 06:32:58', '2026-06-24 06:32:58'),
	(103, 'DOC-0103', 'Declaração de conformidade - EQ-0015', 5, 1, 15, 3, 'Responsável Documento EQ-0015', 15, '2025-10-07', '2028-01-10', 1, 1, 'Declaração de conformidade - EQ-0015 registado como válido, com data e validade coerentes para o equipamento EQ-0015.', '2026-06-24 06:32:58', '2026-06-24 06:32:58'),
	(104, 'DOC-0104', 'Relatório técnico - EQ-0015', 6, 1, 15, 3, 'Responsável Documento EQ-0015', 15, '2025-09-26', '2026-08-23', 2, 1, 'Relatório técnico - EQ-0015 registado como por rever, com data e validade coerentes para o equipamento EQ-0015.', '2026-06-24 06:32:58', '2026-06-24 06:32:58'),
	(105, 'DOC-0105', 'Registo de manutenção adicional - EQ-0015', 8, 3, 15, 3, 'Responsável Extra EQ-0015', 15, '2025-09-15', '2027-07-19', 1, 0, 'Registo de manutenção adicional - EQ-0015 registado como válido, com data e validade coerentes para o equipamento EQ-0015.', '2026-06-24 06:32:58', '2026-06-24 06:32:58'),
	(106, 'DOC-0106', 'Manual de utilizador - EQ-0016', 1, 1, 16, 4, 'Responsável Documento EQ-0016', 16, '2025-11-15', '2027-11-11', 1, 1, 'Manual de utilizador - EQ-0016 registado como válido, com data e validade coerentes para o equipamento EQ-0016.', '2026-06-24 06:32:58', '2026-06-24 06:32:58'),
	(107, 'DOC-0107', 'Manual de serviço - EQ-0016', 2, 1, 16, 4, 'Responsável Documento EQ-0016', 16, '2025-11-04', '2027-11-28', 1, 1, 'Manual de serviço - EQ-0016 registado como válido, com data e validade coerentes para o equipamento EQ-0016.', '2026-06-24 06:32:58', '2026-06-24 06:32:58'),
	(108, 'DOC-0108', 'Certificado de calibração - EQ-0016', 3, 3, 16, 4, 'Responsável Documento EQ-0016', 16, '2025-10-24', '2026-07-15', 4, 1, 'Certificado de calibração - EQ-0016 registado como a expirar, com data e validade coerentes para o equipamento EQ-0016.', '2026-06-24 06:32:58', '2026-06-24 06:32:58'),
	(109, 'DOC-0109', 'Fatura ou guia de aquisição - EQ-0016', 4, 1, 16, 4, 'Responsável Documento EQ-0016', 16, '2025-10-13', '2028-01-01', 1, 1, 'Fatura ou guia de aquisição - EQ-0016 registado como válido, com data e validade coerentes para o equipamento EQ-0016.', '2026-06-24 06:32:58', '2026-06-24 06:32:58'),
	(110, 'DOC-0110', 'Declaração de conformidade - EQ-0016', 5, 1, 16, 4, 'Responsável Documento EQ-0016', 16, '2025-10-02', '2028-01-18', 1, 1, 'Declaração de conformidade - EQ-0016 registado como válido, com data e validade coerentes para o equipamento EQ-0016.', '2026-06-24 06:32:58', '2026-06-24 06:32:58'),
	(111, 'DOC-0111', 'Relatório técnico - EQ-0016', 6, 1, 16, 4, 'Responsável Documento EQ-0016', 16, '2025-09-21', '2027-02-21', 1, 1, 'Relatório técnico - EQ-0016 registado como válido, com data e validade coerentes para o equipamento EQ-0016.', '2026-06-24 06:32:58', '2026-06-24 06:32:58'),
	(112, 'DOC-0112', 'Documento complementar - EQ-0016', 10, 1, 16, 4, 'Responsável Extra EQ-0016', 16, '2025-09-10', '2027-07-25', 1, 0, 'Documento complementar - EQ-0016 registado como válido, com data e validade coerentes para o equipamento EQ-0016.', '2026-06-24 06:32:58', '2026-06-24 06:32:58'),
	(113, 'DOC-0113', 'Manual de utilizador - EQ-0017', 1, 1, 17, 8, 'Responsável Documento EQ-0017', 17, '2025-11-10', '2027-11-19', 1, 1, 'Manual de utilizador - EQ-0017 registado como válido, com data e validade coerentes para o equipamento EQ-0017.', '2026-06-24 06:32:58', '2026-06-24 06:32:58'),
	(114, 'DOC-0114', 'Manual de serviço - EQ-0017', 2, 1, 17, 8, 'Responsável Documento EQ-0017', 17, '2025-10-30', '2027-12-06', 1, 1, 'Manual de serviço - EQ-0017 registado como válido, com data e validade coerentes para o equipamento EQ-0017.', '2026-06-24 06:32:58', '2026-06-24 06:32:58'),
	(115, 'DOC-0115', 'Certificado de calibração - EQ-0017', 3, 3, 17, 8, 'Responsável Documento EQ-0017', 17, '2025-10-19', '2027-01-21', 1, 1, 'Certificado de calibração - EQ-0017 registado como válido, com data e validade coerentes para o equipamento EQ-0017.', '2026-06-24 06:32:58', '2026-06-24 06:32:58'),
	(116, 'DOC-0116', 'Fatura ou guia de aquisição - EQ-0017', 4, 1, 17, 8, 'Responsável Documento EQ-0017', 17, '2025-10-08', '2028-01-09', 1, 1, 'Fatura ou guia de aquisição - EQ-0017 registado como válido, com data e validade coerentes para o equipamento EQ-0017.', '2026-06-24 06:32:58', '2026-06-24 06:32:58'),
	(117, 'DOC-0117', 'Declaração de conformidade - EQ-0017', 5, 1, 17, 8, 'Responsável Documento EQ-0017', 17, '2025-09-27', '2028-01-26', 1, 1, 'Declaração de conformidade - EQ-0017 registado como válido, com data e validade coerentes para o equipamento EQ-0017.', '2026-06-24 06:32:58', '2026-06-24 06:32:58'),
	(118, 'DOC-0118', 'Relatório técnico - EQ-0017', 6, 1, 17, 8, 'Responsável Documento EQ-0017', 17, '2025-09-16', '2027-02-23', 1, 1, 'Relatório técnico - EQ-0017 registado como válido, com data e validade coerentes para o equipamento EQ-0017.', '2026-06-24 06:32:58', '2026-06-24 06:32:58'),
	(119, 'DOC-0119', 'Ficha técnica complementar - EQ-0017', 7, 1, 17, 8, 'Responsável Extra EQ-0017', 17, '2025-09-05', '2026-07-15', 4, 0, 'Ficha técnica complementar - EQ-0017 registado como a expirar, com data e validade coerentes para o equipamento EQ-0017.', '2026-06-24 06:32:58', '2026-06-24 06:32:58'),
	(120, 'DOC-0120', 'Manual de utilizador - EQ-0018', 1, 1, 18, 2, 'Responsável Documento EQ-0018', 18, '2025-01-27', '2026-05-14', 10, 1, 'Manual de utilizador - EQ-0018 registado como inválido, com data e validade coerentes para o equipamento EQ-0018.', '2026-06-24 06:32:58', '2026-06-24 06:32:58'),
	(121, 'DOC-0121', 'Manual de serviço - EQ-0018', 2, 1, 18, 2, 'Responsável Documento EQ-0018', 18, '2025-01-14', '2026-05-13', 10, 1, 'Manual de serviço - EQ-0018 registado como inválido, com data e validade coerentes para o equipamento EQ-0018.', '2026-06-24 06:32:58', '2026-06-24 06:32:58'),
	(122, 'DOC-0122', 'Certificado de calibração - EQ-0018', 3, 3, 18, 2, 'Responsável Documento EQ-0018', 18, '2025-01-01', '2026-05-12', 10, 1, 'Certificado de calibração - EQ-0018 registado como inválido, com data e validade coerentes para o equipamento EQ-0018.', '2026-06-24 06:32:58', '2026-06-24 06:32:58'),
	(123, 'DOC-0123', 'Fatura ou guia de aquisição - EQ-0018', 4, 1, 18, 2, 'Responsável Documento EQ-0018', 18, '2024-12-19', '2026-05-11', 10, 1, 'Fatura ou guia de aquisição - EQ-0018 registado como inválido, com data e validade coerentes para o equipamento EQ-0018.', '2026-06-24 06:32:58', '2026-06-24 06:32:58'),
	(124, 'DOC-0124', 'Declaração de conformidade - EQ-0018', 5, 1, 18, 2, 'Responsável Documento EQ-0018', 18, '2024-12-06', '2026-05-10', 10, 1, 'Declaração de conformidade - EQ-0018 registado como inválido, com data e validade coerentes para o equipamento EQ-0018.', '2026-06-24 06:32:58', '2026-06-24 06:32:58'),
	(125, 'DOC-0125', 'Relatório técnico - EQ-0018', 6, 1, 18, 2, 'Responsável Documento EQ-0018', 18, '2024-11-23', '2026-05-09', 10, 1, 'Relatório técnico - EQ-0018 registado como inválido, com data e validade coerentes para o equipamento EQ-0018.', '2026-06-24 06:32:58', '2026-06-24 06:32:58'),
	(126, 'DOC-0126', 'Relatório de intervenção extra - EQ-0018', 9, 3, 18, 2, 'Responsável Extra EQ-0018', 18, '2024-11-10', '2026-05-08', 10, 0, 'Relatório de intervenção extra - EQ-0018 registado como inválido, com data e validade coerentes para o equipamento EQ-0018.', '2026-06-24 06:32:58', '2026-06-24 06:32:58'),
	(127, 'DOC-0127', 'Manual de utilizador - EQ-0019', 1, 1, 19, 7, 'Responsável Documento EQ-0019', 19, '2025-10-31', '2027-12-05', 1, 1, 'Manual de utilizador - EQ-0019 registado como válido, com data e validade coerentes para o equipamento EQ-0019.', '2026-06-24 06:32:58', '2026-06-24 06:32:58'),
	(128, 'DOC-0128', 'Manual de serviço - EQ-0019', 2, 1, 19, 7, 'Responsável Documento EQ-0019', 19, '2025-10-20', '2027-12-22', 1, 1, 'Manual de serviço - EQ-0019 registado como válido, com data e validade coerentes para o equipamento EQ-0019.', '2026-06-24 06:32:58', '2026-06-24 06:32:58'),
	(129, 'DOC-0129', 'Certificado de calibração - EQ-0019', 3, 3, 19, 7, 'Responsável Documento EQ-0019', 19, '2025-10-09', '2027-01-27', 1, 1, 'Certificado de calibração - EQ-0019 registado como válido, com data e validade coerentes para o equipamento EQ-0019.', '2026-06-24 06:32:58', '2026-06-24 06:32:58'),
	(130, 'DOC-0130', 'Fatura ou guia de aquisição - EQ-0019', 4, 1, 19, 7, 'Responsável Documento EQ-0019', 19, '2025-09-28', '2028-01-25', 1, 1, 'Fatura ou guia de aquisição - EQ-0019 registado como válido, com data e validade coerentes para o equipamento EQ-0019.', '2026-06-24 06:32:58', '2026-06-24 06:32:58'),
	(131, 'DOC-0131', 'Declaração de conformidade - EQ-0019', 5, 1, 19, 7, 'Responsável Documento EQ-0019', 19, '2025-09-17', '2028-02-11', 1, 1, 'Declaração de conformidade - EQ-0019 registado como válido, com data e validade coerentes para o equipamento EQ-0019.', '2026-06-24 06:32:58', '2026-06-24 06:32:58'),
	(132, 'DOC-0132', 'Relatório técnico - EQ-0019', 6, 1, 19, 7, 'Responsável Documento EQ-0019', 19, '2025-09-06', '2026-08-27', 2, 1, 'Relatório técnico - EQ-0019 registado como por rever, com data e validade coerentes para o equipamento EQ-0019.', '2026-06-24 06:32:58', '2026-06-24 06:32:58'),
	(133, 'DOC-0133', 'Registo de manutenção adicional - EQ-0019', 8, 3, 19, 7, 'Responsável Extra EQ-0019', 19, '2025-08-26', '2027-08-12', 1, 0, 'Registo de manutenção adicional - EQ-0019 registado como válido, com data e validade coerentes para o equipamento EQ-0019.', '2026-06-24 06:32:58', '2026-06-24 06:32:58'),
	(134, 'DOC-0134', 'Manual de utilizador - EQ-0020', 1, 1, 20, 10, 'Responsável Documento EQ-0020', 20, '2025-10-26', '2027-12-13', 10, 1, 'Manual de utilizador - EQ-0020 registado como válido, com data e validade coerentes para o equipamento EQ-0020.', '2026-06-24 06:32:58', '2026-06-24 12:15:54'),
	(135, 'DOC-0135', 'Manual de serviço - EQ-0020', 2, 1, 20, 10, 'Responsável Documento EQ-0020', 20, '2025-10-15', '2027-12-30', 10, 1, 'Manual de serviço - EQ-0020 registado como válido, com data e validade coerentes para o equipamento EQ-0020.', '2026-06-24 06:32:58', '2026-06-24 12:15:54'),
	(136, 'DOC-0136', 'Certificado de calibração - EQ-0020', 3, 3, 20, 10, 'Responsável Documento EQ-0020', 20, '2025-10-04', '2026-07-09', 10, 1, 'Certificado de calibração - EQ-0020 registado como a expirar, com data e validade coerentes para o equipamento EQ-0020.', '2026-06-24 06:32:58', '2026-06-24 12:15:54'),
	(137, 'DOC-0137', 'Fatura ou guia de aquisição - EQ-0020', 4, 1, 20, 10, 'Responsável Documento EQ-0020', 20, '2025-09-23', '2028-02-02', 10, 1, 'Fatura ou guia de aquisição - EQ-0020 registado como válido, com data e validade coerentes para o equipamento EQ-0020.', '2026-06-24 06:32:58', '2026-06-24 12:15:54'),
	(138, 'DOC-0138', 'Declaração de conformidade - EQ-0020', 5, 1, 20, 10, 'Responsável Documento EQ-0020', 20, '2025-09-12', '2028-02-19', 10, 1, 'Declaração de conformidade - EQ-0020 registado como válido, com data e validade coerentes para o equipamento EQ-0020.', '2026-06-24 06:32:58', '2026-06-24 12:15:54'),
	(139, 'DOC-0139', 'Relatório técnico - EQ-0020', 6, 1, 20, 10, 'Responsável Documento EQ-0020', 20, '2025-09-01', '2027-03-01', 10, 1, 'Relatório técnico - EQ-0020 registado como válido, com data e validade coerentes para o equipamento EQ-0020.', '2026-06-24 06:32:58', '2026-06-24 12:15:54'),
	(140, 'DOC-0140', 'Documento complementar - EQ-0020', 10, 1, 20, 10, 'Responsável Extra EQ-0020', 20, '2025-08-21', '2027-08-18', 10, 0, 'Documento complementar - EQ-0020 registado como válido, com data e validade coerentes para o equipamento EQ-0020.', '2026-06-24 06:32:58', '2026-06-24 12:15:54'),
	(3041, 'DOC-0141', 'TESTE 1', 1, 1, 1021, 9, 'TESTE', NULL, '2026-06-01', '2026-06-30', 1, 1, 'TESTE', '2026-06-24 16:18:34', '2026-06-24 16:18:34'),
	(3042, 'DOC-0142', 'TESTE 2', 2, 1, 1021, 8, 'TESTE', NULL, '2026-06-01', '2026-06-30', 1, 1, 'TESTE', '2026-06-24 16:18:34', '2026-06-24 16:18:34'),
	(3043, 'DOC-0143', 'TESTE 3', 3, 1, 1021, 7, 'TESTE', NULL, '2026-06-01', '2026-06-30', 2, 1, 'TESTE', '2026-06-24 16:18:34', '2026-06-24 16:18:34'),
	(3044, 'DOC-0144', 'TESTE 4', 4, 1, 1021, 2, 'TESTE', NULL, '2026-06-01', '2026-06-30', 2, 1, 'TESTE', '2026-06-24 16:18:34', '2026-06-24 16:18:34'),
	(3045, 'DOC-0145', 'TESTE 5', 5, 2, 1021, 8, 'TESTE', NULL, '2026-06-01', '2026-06-30', 2, 1, 'TESTE', '2026-06-24 16:18:34', '2026-06-24 16:18:34'),
	(3046, 'DOC-0146', 'Tomas Nogueira', 6, 2, 1021, 3, 'Téc. João Ferreira', NULL, '2026-06-01', '2026-06-30', 3, 1, 'ASD', '2026-06-24 16:18:35', '2026-06-24 16:18:35');

-- A despejar dados para tabela db1241848.documento_ficheiros: ~140 rows (aproximadamente)
INSERT INTO `documento_ficheiros` (`id`, `documento_id`, `ficheiro_id`) VALUES
	(1, 1, 61),
	(2, 2, 62),
	(3, 3, 63),
	(4, 4, 64),
	(5, 5, 65),
	(6, 6, 66),
	(7, 7, 67),
	(8, 8, 68),
	(9, 9, 69),
	(10, 10, 70),
	(11, 11, 71),
	(12, 12, 72),
	(13, 13, 73),
	(14, 14, 74),
	(15, 15, 75),
	(16, 16, 76),
	(17, 17, 77),
	(18, 18, 78),
	(19, 19, 79),
	(20, 20, 80),
	(21, 21, 81),
	(22, 22, 82),
	(23, 23, 83),
	(24, 24, 84),
	(25, 25, 85),
	(26, 26, 86),
	(27, 27, 87),
	(28, 28, 88),
	(29, 29, 89),
	(30, 30, 90),
	(31, 31, 91),
	(32, 32, 92),
	(33, 33, 93),
	(34, 34, 94),
	(35, 35, 95),
	(36, 36, 96),
	(37, 37, 97),
	(38, 38, 98),
	(39, 39, 99),
	(40, 40, 100),
	(41, 41, 101),
	(42, 42, 102),
	(43, 43, 103),
	(44, 44, 104),
	(45, 45, 105),
	(46, 46, 106),
	(47, 47, 107),
	(48, 48, 108),
	(49, 49, 109),
	(50, 50, 110),
	(51, 51, 111),
	(52, 52, 112),
	(53, 53, 113),
	(54, 54, 114),
	(55, 55, 115),
	(56, 56, 116),
	(57, 57, 117),
	(58, 58, 118),
	(59, 59, 119),
	(60, 60, 120),
	(61, 61, 121),
	(62, 62, 122),
	(63, 63, 123),
	(64, 64, 124),
	(65, 65, 125),
	(66, 66, 126),
	(67, 67, 127),
	(68, 68, 128),
	(69, 69, 129),
	(70, 70, 130),
	(71, 71, 131),
	(72, 72, 132),
	(73, 73, 133),
	(74, 74, 134),
	(75, 75, 135),
	(76, 76, 136),
	(77, 77, 137),
	(78, 78, 138),
	(79, 79, 139),
	(80, 80, 140),
	(81, 81, 141),
	(82, 82, 142),
	(83, 83, 143),
	(84, 84, 144),
	(85, 85, 145),
	(86, 86, 146),
	(87, 87, 147),
	(88, 88, 148),
	(89, 89, 149),
	(90, 90, 150),
	(91, 91, 151),
	(92, 92, 152),
	(93, 93, 153),
	(94, 94, 154),
	(95, 95, 155),
	(96, 96, 156),
	(97, 97, 157),
	(98, 98, 158),
	(99, 99, 159),
	(100, 100, 160),
	(101, 101, 161),
	(102, 102, 162),
	(103, 103, 163),
	(104, 104, 164),
	(105, 105, 165),
	(106, 106, 166),
	(107, 107, 167),
	(108, 108, 168),
	(109, 109, 169),
	(110, 110, 170),
	(111, 111, 171),
	(112, 112, 172),
	(113, 113, 173),
	(114, 114, 174),
	(115, 115, 175),
	(116, 116, 176),
	(117, 117, 177),
	(118, 118, 178),
	(119, 119, 179),
	(120, 120, 180),
	(121, 121, 181),
	(122, 122, 182),
	(123, 123, 183),
	(124, 124, 184),
	(125, 125, 185),
	(126, 126, 186),
	(127, 127, 187),
	(128, 128, 188),
	(129, 129, 189),
	(130, 130, 190),
	(131, 131, 191),
	(132, 132, 192),
	(133, 133, 193),
	(134, 134, 194),
	(135, 135, 195),
	(136, 136, 196),
	(137, 137, 197),
	(138, 138, 198),
	(139, 139, 199),
	(140, 140, 200),
	(4041, 3041, 9083),
	(4042, 3042, 9084),
	(4043, 3043, 9085),
	(4044, 3044, 9086),
	(4045, 3045, 9087),
	(4046, 3046, 9088);

-- A despejar dados para tabela db1241848.equipamentos: ~20 rows (aproximadamente)
INSERT INTO `equipamentos` (`id`, `codigo`, `designacao`, `categoria_id`, `marca`, `modelo`, `numero_serie`, `data_aquisicao`, `ano_fabrico`, `custo_aquisicao`, `tipo_entrada_id`, `estado_id`, `criticidade_id`, `fornecedor_principal_id`, `localizacao_id`, `servico`, `piso`, `sala`, `equipamento_pai_id`, `tem_consumiveis`, `consumiveis_descricao`, `observacoes`, `criado_em`, `atualizado_em`) VALUES
	(1, 'EQ-0001', 'Monitor Multiparamétrico De Sinais Vitais', 1, 'Philips', 'IntelliVue MX550', 'PH-MX550-2024-0001', '2024-01-06', 2023, 18450.75, 1, 1, 4, 1, 1, 'Unidade de Cuidados Intensivos', 3, 'UCI-301', NULL, 0, NULL, 'Equipamento principal para monitorização contínua de doentes críticos.', '2026-06-24 06:32:56', '2026-06-24 16:00:07'),
	(2, 'EQ-0002', 'Ventilador pulmonar de cuidados intensivos', 2, 'Dräger', 'Evita V500', 'DR-EV500-2023-0002', '2023-07-20', 2022, 42750.00, 1, 1, 4, 2, 1, 'Unidade de Cuidados Intensivos', 3, 'UCI-302', NULL, 1, 'Circuitos respiratórios, filtros HEPA e sensores de fluxo.', 'Equipamento de suporte ventilatório invasivo e não invasivo.', '2026-06-24 06:32:56', '2026-06-24 06:32:56'),
	(3, 'EQ-0003', 'Bomba de infusão volumétrica', 3, 'B. Braun', 'Infusomat Space', 'BB-INFSPACE-2022-0003', '2022-12-22', 2021, 3650.90, 1, 1, 2, 3, 4, 'Medicina Interna', 4, 'MI-414', NULL, 1, 'Linhas de infusão compatíveis e suportes de fixação.', 'Usada para administração controlada de terapêutica intravenosa.', '2026-06-24 06:32:56', '2026-06-24 06:32:56'),
	(4, 'EQ-0004', 'Desfibrilhador com monitor ECG', 2, 'Zoll', 'R Series', 'ZOLL-RS-2021-0004', '2022-06-25', 2021, 21800.00, 1, 2, 3, 4, 3, 'Urgência Geral', 0, 'URG-REAN', NULL, 1, 'Pás, elétrodos multifunções, bateria e papel térmico.', 'Em acompanhamento técnico por necessidade de revisão funcional.', '2026-06-24 06:32:56', '2026-06-24 06:32:56'),
	(5, 'EQ-0005', 'Ecógrafo portátil', 4, 'Siemens', 'Acuson P500', 'SI-ACUP500-2020-0005', '2021-08-29', 2020, 28990.50, 1, 1, 3, 5, 7, 'Imagiologia', 1, 'IMG-104', NULL, 1, 'Sonda convexa, sonda linear e mala de transporte.', 'Equipamento portátil usado em exames ecográficos de apoio clínico.', '2026-06-24 06:32:56', '2026-06-24 06:32:56'),
	(6, 'EQ-0006', 'Analisador bioquímico automático', 5, 'Siemens', 'Dimension EXL 200', 'SI-DEXL200-2019-0006', '2020-11-12', 2019, 74500.00, 1, 1, 3, 5, 5, 'Laboratório', 1, 'LAB-112', NULL, 1, 'Reagentes, cuvetes e kits de manutenção preventiva.', 'Equipamento de análise bioquímica para rotina laboratorial.', '2026-06-24 06:32:56', '2026-06-24 06:32:56'),
	(7, 'EQ-0007', 'Autoclave hospitalar de grande volume', 6, 'Tuttnauer', '66 Mid Range', 'TT-66MR-2022-0007', '2022-02-05', 2021, 31500.00, 1, 4, 3, 7, 6, 'Central de Esterilização', -1, 'EST-01', NULL, 1, 'Filtros, juntas da porta e indicadores biológicos.', 'Em calibração periódica para validação do ciclo de esterilização.', '2026-06-24 06:32:56', '2026-06-24 06:32:56'),
	(8, 'EQ-0008', 'Mesa de terapia para reabilitação', 7, 'FisioPlus', 'TheraTable Pro', 'FP-TTPRO-2024-0008', '2024-07-04', 2024, 2450.00, 1, 1, 1, 8, 8, 'Fisioterapia', 0, 'FIS-02', NULL, 0, 'Acessórios de posicionamento e almofadas de apoio.', 'Equipamento de apoio a tratamentos de fisioterapia e reabilitação.', '2026-06-24 06:32:56', '2026-06-24 06:32:56'),
	(9, 'EQ-0009', 'Oxímetro de pulso portátil', 1, 'Philips', 'PulseOx 300', 'PH-PO300-2023-0009', '2023-08-09', 2023, 980.00, 2, 1, 2, 1, 3, 'Urgência Geral', 0, 'URG-TRIAGEM', 1, 1, 'Sensor adulto, sensor pediátrico e cabo de ligação.', 'Componente portátil associado ao monitor principal da UCI.', '2026-06-24 06:32:56', '2026-06-24 06:32:56'),
	(10, 'EQ-0010', 'Seringa infusora programável', 3, 'B. Braun', 'Perfusor Space', 'BB-PERFSPACE-2021-0010', '2022-07-05', 2021, 2750.00, 1, 2, 2, 3, 4, 'Medicina Interna', 4, 'MI-416', 3, 1, 'Seringas compatíveis, extensão e suporte vertical.', 'Associada a intervenção técnica por alarme intermitente.', '2026-06-24 06:32:56', '2026-06-24 06:32:56'),
	(11, 'EQ-0011', 'Eletrocardiógrafo digital de 12 derivações', 4, 'Zoll', 'X Series ECG', 'ZOLL-XECG-2020-0011', '2021-05-31', 2020, 6250.00, 1, 1, 2, 4, 3, 'Urgência Geral', 0, 'URG-OBS', NULL, 1, 'Cabos ECG, elétrodos descartáveis e papel térmico.', 'Equipamento usado em avaliação cardiológica inicial.', '2026-06-24 06:32:56', '2026-06-24 06:32:56'),
	(12, 'EQ-0012', 'Centrífuga clínica refrigerada', 5, 'LabTech', 'CoolSpin 480R', 'LT-CS480R-2022-0012', '2022-11-02', 2022, 8450.00, 1, 5, 2, 7, 5, 'Laboratório', 1, 'LAB-118', NULL, 1, 'Rotor angular, adaptadores de tubos e tampa de segurança.', 'Em quarentena até validação após ruído anormal reportado.', '2026-06-24 06:32:56', '2026-06-24 06:32:56'),
	(13, 'EQ-0013', 'Monitor fetal cardiotocográfico', 1, 'Philips', 'Avalon FM30', 'PH-AFM30-2021-0013', '2022-04-06', 2021, 11200.00, 1, 1, 3, 1, 4, 'Medicina Interna', 4, 'MI-421', NULL, 1, 'Transdutores, cintas e papel de registo.', 'Equipamento disponível para monitorização clínica especializada.', '2026-06-24 06:32:56', '2026-06-24 06:32:56'),
	(14, 'EQ-0014', 'Ventilador de transporte', 2, 'Dräger', 'Oxylog 3000 plus', 'DR-OXY3000-2019-0014', '2020-03-07', 2018, 16900.00, 1, 3, 4, 2, 3, 'Urgência Geral', 0, 'URG-AMB', 2, 1, 'Mangueiras, bateria, filtros e suporte de transporte.', 'Inativo temporariamente por substituição planeada de bateria.', '2026-06-24 06:32:56', '2026-06-24 06:32:56'),
	(15, 'EQ-0015', 'Sistema de compressão pneumática', 3, 'B. Braun', 'VenoPress VP4', 'BB-VP4-2024-0015', '2024-08-13', 2024, 3950.00, 3, 1, 2, 3, 4, 'Medicina Interna', 4, 'MI-418', NULL, 1, 'Mangas de compressão e tubagens pneumáticas.', 'Equipamento em regime de aluguer com contrato ativo.', '2026-06-24 06:32:56', '2026-06-24 06:32:56'),
	(16, 'EQ-0016', 'Desfibrilhador automático externo', 2, 'Zoll', 'AED 3', 'ZOLL-AED3-2022-0016', '2022-01-26', 2022, 1850.00, 2, 1, 3, 4, 3, 'Urgência Geral', 0, 'URG-CORREDOR', 4, 1, 'Elétrodos, bateria e bolsa de transporte.', 'Equipamento complementar associado ao desfibrilhador principal.', '2026-06-24 06:32:56', '2026-06-24 06:32:56'),
	(17, 'EQ-0017', 'Ultrassom terapêutico', 7, 'FisioPlus', 'SonoTherapy 2.0', 'FP-ST20-2020-0017', '2021-04-11', 2020, 1780.00, 1, 1, 1, 8, 8, 'Fisioterapia', 0, 'FIS-04', NULL, 1, 'Cabeçotes aplicadores, gel condutor e cabo de alimentação.', 'Utilizado em terapias de reabilitação musculoesquelética.', '2026-06-24 06:32:56', '2026-06-24 06:32:56'),
	(18, 'EQ-0018', 'Incubadora neonatal', 2, 'Dräger', 'Isolette 8000', 'DR-ISO8000-2018-0018', '2019-08-20', 2018, 26500.00, 1, 6, 4, 2, 1, 'Unidade de Cuidados Intensivos', 3, 'UCI-NEO', NULL, 1, 'Filtros de ar, sensores de temperatura e humidificação.', 'Equipamento abatido por fim de ciclo tecnológico e substituição aprovada.', '2026-06-24 06:32:56', '2026-06-24 06:32:56'),
	(19, 'EQ-0019', 'Microscópio laboratorial binocular', 5, 'LabTech', 'MicroView B200', 'LT-MVB200-2023-0019', '2023-06-10', 2023, 1450.00, 1, 1, 1, 7, 5, 'Laboratório', 1, 'LAB-121', NULL, 1, 'Objetivas, ocular, lâmpada LED e capa de proteção.', 'Equipamento de apoio a observação laboratorial de rotina.', '2026-06-24 06:32:56', '2026-06-24 06:32:56'),
	(20, 'EQ-0020', 'Carro de emergência com monitorização', 1, 'Zoll', 'Emergency Cart Pro', 'ZOLL-ECP-2024-0020', '2024-02-25', 2024, 6800.00, 4, 6, 3, 10, 3, 'Urgência Geral', 0, 'URG-BOX1', 4, 1, 'Gavetas modulares, suporte para desfibrilhador e tomada múltipla.', 'Equipamento em empréstimo operacional com manutenção assegurada.', '2026-06-24 06:32:56', '2026-06-24 12:15:54'),
	(1021, 'EQ-0021', 'Teste', 3, 'Teste', 'TESTE', 'TESTE', '2026-06-01', 2000, 123.00, 3, 4, 1, 8, 1, 'TESTE', 1, 'TESTE', 14, 1, 'TESTE', 'TESTE', '2026-06-24 16:18:33', '2026-06-24 16:18:33');

-- A despejar dados para tabela db1241848.equipamento_fornecedores: ~80 rows (aproximadamente)
INSERT INTO `equipamento_fornecedores` (`id`, `equipamento_id`, `fornecedor_id`, `funcao_fornecedor_id`, `observacoes`) VALUES
	(5, 2, 2, 1, 'Fornecedor principal do equipamento EQ-0002.'),
	(6, 2, 2, 2, 'Fabricante identificado para rastreabilidade do equipamento EQ-0002.'),
	(7, 2, 10, 4, 'Assistência técnica programada para o equipamento EQ-0002.'),
	(8, 2, 9, 5, 'Fornecedor de consumíveis e acessórios compatíveis com EQ-0002.'),
	(9, 3, 3, 1, 'Fornecedor principal do equipamento EQ-0003.'),
	(10, 3, 3, 2, 'Fabricante identificado para rastreabilidade do equipamento EQ-0003.'),
	(11, 3, 6, 4, 'Assistência técnica programada para o equipamento EQ-0003.'),
	(12, 3, 9, 5, 'Fornecedor de consumíveis e acessórios compatíveis com EQ-0003.'),
	(13, 4, 4, 1, 'Fornecedor principal do equipamento EQ-0004.'),
	(14, 4, 4, 2, 'Fabricante identificado para rastreabilidade do equipamento EQ-0004.'),
	(15, 4, 10, 4, 'Assistência técnica programada para o equipamento EQ-0004.'),
	(16, 4, 9, 5, 'Fornecedor de consumíveis e acessórios compatíveis com EQ-0004.'),
	(17, 5, 5, 1, 'Fornecedor principal do equipamento EQ-0005.'),
	(18, 5, 5, 2, 'Fabricante identificado para rastreabilidade do equipamento EQ-0005.'),
	(19, 5, 6, 4, 'Assistência técnica programada para o equipamento EQ-0005.'),
	(20, 5, 9, 5, 'Fornecedor de consumíveis e acessórios compatíveis com EQ-0005.'),
	(21, 6, 5, 1, 'Fornecedor principal do equipamento EQ-0006.'),
	(22, 6, 5, 2, 'Fabricante identificado para rastreabilidade do equipamento EQ-0006.'),
	(23, 6, 10, 4, 'Assistência técnica programada para o equipamento EQ-0006.'),
	(24, 6, 9, 5, 'Fornecedor de consumíveis e acessórios compatíveis com EQ-0006.'),
	(25, 7, 7, 1, 'Fornecedor principal do equipamento EQ-0007.'),
	(26, 7, 7, 2, 'Fabricante identificado para rastreabilidade do equipamento EQ-0007.'),
	(27, 7, 6, 4, 'Assistência técnica programada para o equipamento EQ-0007.'),
	(28, 7, 9, 5, 'Fornecedor de consumíveis e acessórios compatíveis com EQ-0007.'),
	(29, 8, 8, 1, 'Fornecedor principal do equipamento EQ-0008.'),
	(30, 8, 8, 2, 'Fabricante identificado para rastreabilidade do equipamento EQ-0008.'),
	(31, 8, 10, 4, 'Assistência técnica programada para o equipamento EQ-0008.'),
	(32, 8, 9, 5, 'Fornecedor de consumíveis e acessórios compatíveis com EQ-0008.'),
	(33, 9, 1, 1, 'Fornecedor principal do equipamento EQ-0009.'),
	(34, 9, 1, 2, 'Fabricante identificado para rastreabilidade do equipamento EQ-0009.'),
	(35, 9, 6, 4, 'Assistência técnica programada para o equipamento EQ-0009.'),
	(36, 9, 9, 5, 'Fornecedor de consumíveis e acessórios compatíveis com EQ-0009.'),
	(37, 10, 3, 1, 'Fornecedor principal do equipamento EQ-0010.'),
	(38, 10, 3, 2, 'Fabricante identificado para rastreabilidade do equipamento EQ-0010.'),
	(39, 10, 10, 4, 'Assistência técnica programada para o equipamento EQ-0010.'),
	(40, 10, 9, 5, 'Fornecedor de consumíveis e acessórios compatíveis com EQ-0010.'),
	(41, 11, 4, 1, 'Fornecedor principal do equipamento EQ-0011.'),
	(42, 11, 4, 2, 'Fabricante identificado para rastreabilidade do equipamento EQ-0011.'),
	(43, 11, 6, 4, 'Assistência técnica programada para o equipamento EQ-0011.'),
	(44, 11, 9, 5, 'Fornecedor de consumíveis e acessórios compatíveis com EQ-0011.'),
	(45, 12, 7, 1, 'Fornecedor principal do equipamento EQ-0012.'),
	(46, 12, 7, 2, 'Fabricante identificado para rastreabilidade do equipamento EQ-0012.'),
	(47, 12, 10, 4, 'Assistência técnica programada para o equipamento EQ-0012.'),
	(48, 12, 9, 5, 'Fornecedor de consumíveis e acessórios compatíveis com EQ-0012.'),
	(49, 13, 1, 1, 'Fornecedor principal do equipamento EQ-0013.'),
	(50, 13, 1, 2, 'Fabricante identificado para rastreabilidade do equipamento EQ-0013.'),
	(51, 13, 6, 4, 'Assistência técnica programada para o equipamento EQ-0013.'),
	(52, 13, 9, 5, 'Fornecedor de consumíveis e acessórios compatíveis com EQ-0013.'),
	(53, 14, 2, 1, 'Fornecedor principal do equipamento EQ-0014.'),
	(54, 14, 2, 2, 'Fabricante identificado para rastreabilidade do equipamento EQ-0014.'),
	(55, 14, 10, 4, 'Assistência técnica programada para o equipamento EQ-0014.'),
	(56, 14, 9, 5, 'Fornecedor de consumíveis e acessórios compatíveis com EQ-0014.'),
	(57, 15, 3, 1, 'Fornecedor principal do equipamento EQ-0015.'),
	(58, 15, 3, 2, 'Fabricante identificado para rastreabilidade do equipamento EQ-0015.'),
	(59, 15, 6, 4, 'Assistência técnica programada para o equipamento EQ-0015.'),
	(60, 15, 9, 5, 'Fornecedor de consumíveis e acessórios compatíveis com EQ-0015.'),
	(61, 16, 4, 1, 'Fornecedor principal do equipamento EQ-0016.'),
	(62, 16, 4, 2, 'Fabricante identificado para rastreabilidade do equipamento EQ-0016.'),
	(63, 16, 10, 4, 'Assistência técnica programada para o equipamento EQ-0016.'),
	(64, 16, 9, 5, 'Fornecedor de consumíveis e acessórios compatíveis com EQ-0016.'),
	(65, 17, 8, 1, 'Fornecedor principal do equipamento EQ-0017.'),
	(66, 17, 8, 2, 'Fabricante identificado para rastreabilidade do equipamento EQ-0017.'),
	(67, 17, 6, 4, 'Assistência técnica programada para o equipamento EQ-0017.'),
	(68, 17, 9, 5, 'Fornecedor de consumíveis e acessórios compatíveis com EQ-0017.'),
	(69, 18, 2, 1, 'Fornecedor principal do equipamento EQ-0018.'),
	(70, 18, 2, 2, 'Fabricante identificado para rastreabilidade do equipamento EQ-0018.'),
	(71, 18, 10, 4, 'Assistência técnica programada para o equipamento EQ-0018.'),
	(72, 18, 9, 5, 'Fornecedor de consumíveis e acessórios compatíveis com EQ-0018.'),
	(73, 19, 7, 1, 'Fornecedor principal do equipamento EQ-0019.'),
	(74, 19, 7, 2, 'Fabricante identificado para rastreabilidade do equipamento EQ-0019.'),
	(75, 19, 6, 4, 'Assistência técnica programada para o equipamento EQ-0019.'),
	(76, 19, 9, 5, 'Fornecedor de consumíveis e acessórios compatíveis com EQ-0019.'),
	(77, 20, 10, 1, 'Fornecedor principal do equipamento EQ-0020.'),
	(78, 20, 4, 2, 'Fabricante identificado para rastreabilidade do equipamento EQ-0020.'),
	(79, 20, 10, 4, 'Assistência técnica programada para o equipamento EQ-0020.'),
	(80, 20, 9, 5, 'Fornecedor de consumíveis e acessórios compatíveis com EQ-0020.'),
	(2092, 1, 1, 1, 'Fornecedor principal'),
	(2093, 1, 1, 2, 'Fabricante principal'),
	(2094, 1, 6, 4, 'Assistência técnica principal'),
	(2095, 1, 9, 5, 'Fornecedor adicional associado'),
	(2096, 1, 1, 5, 'Fornecedor adicional associado'),
	(2097, 1, 10, 5, 'Fornecedor adicional associado'),
	(2098, 1, 4, 5, 'Fornecedor adicional associado'),
	(2099, 1021, 8, 1, 'Fornecedor principal'),
	(2100, 1021, 1, 2, 'Fabricante principal'),
	(2101, 1021, 5, 4, 'Assistência técnica principal'),
	(2102, 1021, 3, 3, 'Fornecedor adicional associado'),
	(2103, 1021, 2, 3, 'Fornecedor adicional associado'),
	(2104, 1021, 7, 3, 'Fornecedor adicional associado');

-- A despejar dados para tabela db1241848.estados_contrato: ~5 rows (aproximadamente)
INSERT INTO `estados_contrato` (`id`, `nome`) VALUES
	(2, 'A expirar'),
	(1, 'Ativo'),
	(4, 'Cancelado'),
	(3, 'Expirado'),
	(9, 'Inválido');

-- A despejar dados para tabela db1241848.estados_documento: ~6 rows (aproximadamente)
INSERT INTO `estados_documento` (`id`, `nome`) VALUES
	(4, 'A expirar'),
	(6, 'Arquivado'),
	(3, 'Expirado'),
	(10, 'Inválido'),
	(2, 'Por rever'),
	(1, 'Válido');

-- A despejar dados para tabela db1241848.estados_equipamento: ~6 rows (aproximadamente)
INSERT INTO `estados_equipamento` (`id`, `nome`) VALUES
	(6, 'Abatido'),
	(1, 'Ativo'),
	(4, 'Em calibração'),
	(2, 'Em manutenção'),
	(5, 'Em quarentena'),
	(3, 'Inativo');

-- A despejar dados para tabela db1241848.estados_garantia: ~5 rows (aproximadamente)
INSERT INTO `estados_garantia` (`id`, `nome`) VALUES
	(2, 'A expirar'),
	(1, 'Ativo'),
	(8, 'Cancelado'),
	(4, 'Expirada'),
	(3, 'Expirado');

-- A despejar dados para tabela db1241848.estados_localizacao: ~4 rows (aproximadamente)
INSERT INTO `estados_localizacao` (`id`, `nome`) VALUES
	(4, 'Abatida'),
	(1, 'Ativa'),
	(2, 'Em Manutenção'),
	(3, 'Inativa');

-- A despejar dados para tabela db1241848.estados_manutencao: ~3 rows (aproximadamente)
INSERT INTO `estados_manutencao` (`id`, `nome`) VALUES
	(2, 'Agendada'),
	(1, 'Em dia'),
	(3, 'Pendente');

-- A despejar dados para tabela db1241848.ficheiros_pdf: ~202 rows (aproximadamente)
INSERT INTO `ficheiros_pdf` (`id`, `nome_original`, `nome_guardado`, `caminho_ficheiro`, `tipo_mime`, `tamanho_bytes`, `carregado_por`, `carregado_em`) VALUES
	(1, 'pdf_teste_medinfo.pdf', 'pdf_teste_medinfo.pdf', 'assets/uploads/documentos/pdf_teste_medinfo.pdf', 'application/pdf', 633169, 1, '2026-06-24 06:32:58'),
	(2, 'pdf_teste_medinfo.pdf', 'pdf_teste_medinfo.pdf', 'assets/uploads/documentos/pdf_teste_medinfo.pdf', 'application/pdf', 633169, 1, '2026-06-24 06:32:58'),
	(3, 'pdf_teste_medinfo.pdf', 'pdf_teste_medinfo.pdf', 'assets/uploads/documentos/pdf_teste_medinfo.pdf', 'application/pdf', 633169, 1, '2026-06-24 06:32:58'),
	(4, 'pdf_teste_medinfo.pdf', 'pdf_teste_medinfo.pdf', 'assets/uploads/documentos/pdf_teste_medinfo.pdf', 'application/pdf', 633169, 1, '2026-06-24 06:32:58'),
	(5, 'pdf_teste_medinfo.pdf', 'pdf_teste_medinfo.pdf', 'assets/uploads/documentos/pdf_teste_medinfo.pdf', 'application/pdf', 633169, 1, '2026-06-24 06:32:58'),
	(6, 'pdf_teste_medinfo.pdf', 'pdf_teste_medinfo.pdf', 'assets/uploads/documentos/pdf_teste_medinfo.pdf', 'application/pdf', 633169, 1, '2026-06-24 06:32:58'),
	(7, 'pdf_teste_medinfo.pdf', 'pdf_teste_medinfo.pdf', 'assets/uploads/documentos/pdf_teste_medinfo.pdf', 'application/pdf', 633169, 1, '2026-06-24 06:32:58'),
	(8, 'pdf_teste_medinfo.pdf', 'pdf_teste_medinfo.pdf', 'assets/uploads/documentos/pdf_teste_medinfo.pdf', 'application/pdf', 633169, 1, '2026-06-24 06:32:58'),
	(9, 'pdf_teste_medinfo.pdf', 'pdf_teste_medinfo.pdf', 'assets/uploads/documentos/pdf_teste_medinfo.pdf', 'application/pdf', 633169, 1, '2026-06-24 06:32:58'),
	(10, 'pdf_teste_medinfo.pdf', 'pdf_teste_medinfo.pdf', 'assets/uploads/documentos/pdf_teste_medinfo.pdf', 'application/pdf', 633169, 1, '2026-06-24 06:32:58'),
	(11, 'pdf_teste_medinfo.pdf', 'pdf_teste_medinfo.pdf', 'assets/uploads/documentos/pdf_teste_medinfo.pdf', 'application/pdf', 633169, 1, '2026-06-24 06:32:58'),
	(12, 'pdf_teste_medinfo.pdf', 'pdf_teste_medinfo.pdf', 'assets/uploads/documentos/pdf_teste_medinfo.pdf', 'application/pdf', 633169, 1, '2026-06-24 06:32:58'),
	(13, 'pdf_teste_medinfo.pdf', 'pdf_teste_medinfo.pdf', 'assets/uploads/documentos/pdf_teste_medinfo.pdf', 'application/pdf', 633169, 1, '2026-06-24 06:32:58'),
	(14, 'pdf_teste_medinfo.pdf', 'pdf_teste_medinfo.pdf', 'assets/uploads/documentos/pdf_teste_medinfo.pdf', 'application/pdf', 633169, 1, '2026-06-24 06:32:58'),
	(15, 'pdf_teste_medinfo.pdf', 'pdf_teste_medinfo.pdf', 'assets/uploads/documentos/pdf_teste_medinfo.pdf', 'application/pdf', 633169, 1, '2026-06-24 06:32:58'),
	(16, 'pdf_teste_medinfo.pdf', 'pdf_teste_medinfo.pdf', 'assets/uploads/documentos/pdf_teste_medinfo.pdf', 'application/pdf', 633169, 1, '2026-06-24 06:32:58'),
	(17, 'pdf_teste_medinfo.pdf', 'pdf_teste_medinfo.pdf', 'assets/uploads/documentos/pdf_teste_medinfo.pdf', 'application/pdf', 633169, 1, '2026-06-24 06:32:58'),
	(18, 'pdf_teste_medinfo.pdf', 'pdf_teste_medinfo.pdf', 'assets/uploads/documentos/pdf_teste_medinfo.pdf', 'application/pdf', 633169, 1, '2026-06-24 06:32:58'),
	(19, 'pdf_teste_medinfo.pdf', 'pdf_teste_medinfo.pdf', 'assets/uploads/documentos/pdf_teste_medinfo.pdf', 'application/pdf', 633169, 1, '2026-06-24 06:32:58'),
	(20, 'pdf_teste_medinfo.pdf', 'pdf_teste_medinfo.pdf', 'assets/uploads/documentos/pdf_teste_medinfo.pdf', 'application/pdf', 633169, 1, '2026-06-24 06:32:58'),
	(21, 'pdf_teste_medinfo.pdf', 'pdf_teste_medinfo.pdf', 'assets/uploads/documentos/pdf_teste_medinfo.pdf', 'application/pdf', 633169, 1, '2026-06-24 06:32:58'),
	(22, 'pdf_teste_medinfo.pdf', 'pdf_teste_medinfo.pdf', 'assets/uploads/documentos/pdf_teste_medinfo.pdf', 'application/pdf', 633169, 1, '2026-06-24 06:32:58'),
	(23, 'pdf_teste_medinfo.pdf', 'pdf_teste_medinfo.pdf', 'assets/uploads/documentos/pdf_teste_medinfo.pdf', 'application/pdf', 633169, 1, '2026-06-24 06:32:58'),
	(24, 'pdf_teste_medinfo.pdf', 'pdf_teste_medinfo.pdf', 'assets/uploads/documentos/pdf_teste_medinfo.pdf', 'application/pdf', 633169, 1, '2026-06-24 06:32:58'),
	(25, 'pdf_teste_medinfo.pdf', 'pdf_teste_medinfo.pdf', 'assets/uploads/documentos/pdf_teste_medinfo.pdf', 'application/pdf', 633169, 1, '2026-06-24 06:32:58'),
	(26, 'pdf_teste_medinfo.pdf', 'pdf_teste_medinfo.pdf', 'assets/uploads/documentos/pdf_teste_medinfo.pdf', 'application/pdf', 633169, 1, '2026-06-24 06:32:58'),
	(27, 'pdf_teste_medinfo.pdf', 'pdf_teste_medinfo.pdf', 'assets/uploads/documentos/pdf_teste_medinfo.pdf', 'application/pdf', 633169, 1, '2026-06-24 06:32:58'),
	(28, 'pdf_teste_medinfo.pdf', 'pdf_teste_medinfo.pdf', 'assets/uploads/documentos/pdf_teste_medinfo.pdf', 'application/pdf', 633169, 1, '2026-06-24 06:32:58'),
	(29, 'pdf_teste_medinfo.pdf', 'pdf_teste_medinfo.pdf', 'assets/uploads/documentos/pdf_teste_medinfo.pdf', 'application/pdf', 633169, 1, '2026-06-24 06:32:58'),
	(30, 'pdf_teste_medinfo.pdf', 'pdf_teste_medinfo.pdf', 'assets/uploads/documentos/pdf_teste_medinfo.pdf', 'application/pdf', 633169, 1, '2026-06-24 06:32:58'),
	(31, 'pdf_teste_medinfo.pdf', 'pdf_teste_medinfo.pdf', 'assets/uploads/documentos/pdf_teste_medinfo.pdf', 'application/pdf', 633169, 1, '2026-06-24 06:32:58'),
	(32, 'pdf_teste_medinfo.pdf', 'pdf_teste_medinfo.pdf', 'assets/uploads/documentos/pdf_teste_medinfo.pdf', 'application/pdf', 633169, 1, '2026-06-24 06:32:58'),
	(33, 'pdf_teste_medinfo.pdf', 'pdf_teste_medinfo.pdf', 'assets/uploads/documentos/pdf_teste_medinfo.pdf', 'application/pdf', 633169, 1, '2026-06-24 06:32:58'),
	(34, 'pdf_teste_medinfo.pdf', 'pdf_teste_medinfo.pdf', 'assets/uploads/documentos/pdf_teste_medinfo.pdf', 'application/pdf', 633169, 1, '2026-06-24 06:32:58'),
	(35, 'pdf_teste_medinfo.pdf', 'pdf_teste_medinfo.pdf', 'assets/uploads/documentos/pdf_teste_medinfo.pdf', 'application/pdf', 633169, 1, '2026-06-24 06:32:58'),
	(36, 'pdf_teste_medinfo.pdf', 'pdf_teste_medinfo.pdf', 'assets/uploads/documentos/pdf_teste_medinfo.pdf', 'application/pdf', 633169, 1, '2026-06-24 06:32:58'),
	(37, 'pdf_teste_medinfo.pdf', 'pdf_teste_medinfo.pdf', 'assets/uploads/documentos/pdf_teste_medinfo.pdf', 'application/pdf', 633169, 1, '2026-06-24 06:32:58'),
	(38, 'pdf_teste_medinfo.pdf', 'pdf_teste_medinfo.pdf', 'assets/uploads/documentos/pdf_teste_medinfo.pdf', 'application/pdf', 633169, 1, '2026-06-24 06:32:58'),
	(39, 'pdf_teste_medinfo.pdf', 'pdf_teste_medinfo.pdf', 'assets/uploads/documentos/pdf_teste_medinfo.pdf', 'application/pdf', 633169, 1, '2026-06-24 06:32:58'),
	(40, 'pdf_teste_medinfo.pdf', 'pdf_teste_medinfo.pdf', 'assets/uploads/documentos/pdf_teste_medinfo.pdf', 'application/pdf', 633169, 1, '2026-06-24 06:32:58'),
	(41, 'pdf_teste_medinfo.pdf', 'pdf_teste_medinfo.pdf', 'assets/uploads/documentos/pdf_teste_medinfo.pdf', 'application/pdf', 633169, 1, '2026-06-24 06:32:58'),
	(42, 'pdf_teste_medinfo.pdf', 'pdf_teste_medinfo.pdf', 'assets/uploads/documentos/pdf_teste_medinfo.pdf', 'application/pdf', 633169, 1, '2026-06-24 06:32:58'),
	(43, 'pdf_teste_medinfo.pdf', 'pdf_teste_medinfo.pdf', 'assets/uploads/documentos/pdf_teste_medinfo.pdf', 'application/pdf', 633169, 1, '2026-06-24 06:32:58'),
	(44, 'pdf_teste_medinfo.pdf', 'pdf_teste_medinfo.pdf', 'assets/uploads/documentos/pdf_teste_medinfo.pdf', 'application/pdf', 633169, 1, '2026-06-24 06:32:58'),
	(45, 'pdf_teste_medinfo.pdf', 'pdf_teste_medinfo.pdf', 'assets/uploads/documentos/pdf_teste_medinfo.pdf', 'application/pdf', 633169, 1, '2026-06-24 06:32:58'),
	(46, 'pdf_teste_medinfo.pdf', 'pdf_teste_medinfo.pdf', 'assets/uploads/documentos/pdf_teste_medinfo.pdf', 'application/pdf', 633169, 1, '2026-06-24 06:32:58'),
	(47, 'pdf_teste_medinfo.pdf', 'pdf_teste_medinfo.pdf', 'assets/uploads/documentos/pdf_teste_medinfo.pdf', 'application/pdf', 633169, 1, '2026-06-24 06:32:58'),
	(48, 'pdf_teste_medinfo.pdf', 'pdf_teste_medinfo.pdf', 'assets/uploads/documentos/pdf_teste_medinfo.pdf', 'application/pdf', 633169, 1, '2026-06-24 06:32:58'),
	(49, 'pdf_teste_medinfo.pdf', 'pdf_teste_medinfo.pdf', 'assets/uploads/documentos/pdf_teste_medinfo.pdf', 'application/pdf', 633169, 1, '2026-06-24 06:32:58'),
	(50, 'pdf_teste_medinfo.pdf', 'pdf_teste_medinfo.pdf', 'assets/uploads/documentos/pdf_teste_medinfo.pdf', 'application/pdf', 633169, 1, '2026-06-24 06:32:58'),
	(51, 'pdf_teste_medinfo.pdf', 'pdf_teste_medinfo.pdf', 'assets/uploads/documentos/pdf_teste_medinfo.pdf', 'application/pdf', 633169, 1, '2026-06-24 06:32:58'),
	(52, 'pdf_teste_medinfo.pdf', 'pdf_teste_medinfo.pdf', 'assets/uploads/documentos/pdf_teste_medinfo.pdf', 'application/pdf', 633169, 1, '2026-06-24 06:32:58'),
	(53, 'pdf_teste_medinfo.pdf', 'pdf_teste_medinfo.pdf', 'assets/uploads/documentos/pdf_teste_medinfo.pdf', 'application/pdf', 633169, 1, '2026-06-24 06:32:58'),
	(54, 'pdf_teste_medinfo.pdf', 'pdf_teste_medinfo.pdf', 'assets/uploads/documentos/pdf_teste_medinfo.pdf', 'application/pdf', 633169, 1, '2026-06-24 06:32:58'),
	(55, 'pdf_teste_medinfo.pdf', 'pdf_teste_medinfo.pdf', 'assets/uploads/documentos/pdf_teste_medinfo.pdf', 'application/pdf', 633169, 1, '2026-06-24 06:32:58'),
	(56, 'pdf_teste_medinfo.pdf', 'pdf_teste_medinfo.pdf', 'assets/uploads/documentos/pdf_teste_medinfo.pdf', 'application/pdf', 633169, 1, '2026-06-24 06:32:58'),
	(57, 'pdf_teste_medinfo.pdf', 'pdf_teste_medinfo.pdf', 'assets/uploads/documentos/pdf_teste_medinfo.pdf', 'application/pdf', 633169, 1, '2026-06-24 06:32:58'),
	(58, 'pdf_teste_medinfo.pdf', 'pdf_teste_medinfo.pdf', 'assets/uploads/documentos/pdf_teste_medinfo.pdf', 'application/pdf', 633169, 1, '2026-06-24 06:32:58'),
	(59, 'pdf_teste_medinfo.pdf', 'pdf_teste_medinfo.pdf', 'assets/uploads/documentos/pdf_teste_medinfo.pdf', 'application/pdf', 633169, 1, '2026-06-24 06:32:58'),
	(60, 'pdf_teste_medinfo.pdf', 'pdf_teste_medinfo.pdf', 'assets/uploads/documentos/pdf_teste_medinfo.pdf', 'application/pdf', 633169, 1, '2026-06-24 06:32:58'),
	(61, 'pdf_teste_medinfo.pdf', 'pdf_teste_medinfo.pdf', 'assets/uploads/documentos/pdf_teste_medinfo.pdf', 'application/pdf', 633169, 1, '2026-06-24 06:32:58'),
	(62, 'pdf_teste_medinfo.pdf', 'pdf_teste_medinfo.pdf', 'assets/uploads/documentos/pdf_teste_medinfo.pdf', 'application/pdf', 633169, 1, '2026-06-24 06:32:58'),
	(63, 'pdf_teste_medinfo.pdf', 'pdf_teste_medinfo.pdf', 'assets/uploads/documentos/pdf_teste_medinfo.pdf', 'application/pdf', 633169, 1, '2026-06-24 06:32:58'),
	(64, 'pdf_teste_medinfo.pdf', 'pdf_teste_medinfo.pdf', 'assets/uploads/documentos/pdf_teste_medinfo.pdf', 'application/pdf', 633169, 1, '2026-06-24 06:32:58'),
	(65, 'pdf_teste_medinfo.pdf', 'pdf_teste_medinfo.pdf', 'assets/uploads/documentos/pdf_teste_medinfo.pdf', 'application/pdf', 633169, 1, '2026-06-24 06:32:58'),
	(66, 'pdf_teste_medinfo.pdf', 'pdf_teste_medinfo.pdf', 'assets/uploads/documentos/pdf_teste_medinfo.pdf', 'application/pdf', 633169, 1, '2026-06-24 06:32:58'),
	(67, 'pdf_teste_medinfo.pdf', 'pdf_teste_medinfo.pdf', 'assets/uploads/documentos/pdf_teste_medinfo.pdf', 'application/pdf', 633169, 1, '2026-06-24 06:32:58'),
	(68, 'pdf_teste_medinfo.pdf', 'pdf_teste_medinfo.pdf', 'assets/uploads/documentos/pdf_teste_medinfo.pdf', 'application/pdf', 633169, 1, '2026-06-24 06:32:58'),
	(69, 'pdf_teste_medinfo.pdf', 'pdf_teste_medinfo.pdf', 'assets/uploads/documentos/pdf_teste_medinfo.pdf', 'application/pdf', 633169, 1, '2026-06-24 06:32:58'),
	(70, 'pdf_teste_medinfo.pdf', 'pdf_teste_medinfo.pdf', 'assets/uploads/documentos/pdf_teste_medinfo.pdf', 'application/pdf', 633169, 1, '2026-06-24 06:32:58'),
	(71, 'pdf_teste_medinfo.pdf', 'pdf_teste_medinfo.pdf', 'assets/uploads/documentos/pdf_teste_medinfo.pdf', 'application/pdf', 633169, 1, '2026-06-24 06:32:58'),
	(72, 'pdf_teste_medinfo.pdf', 'pdf_teste_medinfo.pdf', 'assets/uploads/documentos/pdf_teste_medinfo.pdf', 'application/pdf', 633169, 1, '2026-06-24 06:32:58'),
	(73, 'pdf_teste_medinfo.pdf', 'pdf_teste_medinfo.pdf', 'assets/uploads/documentos/pdf_teste_medinfo.pdf', 'application/pdf', 633169, 1, '2026-06-24 06:32:58'),
	(74, 'pdf_teste_medinfo.pdf', 'pdf_teste_medinfo.pdf', 'assets/uploads/documentos/pdf_teste_medinfo.pdf', 'application/pdf', 633169, 1, '2026-06-24 06:32:58'),
	(75, 'pdf_teste_medinfo.pdf', 'pdf_teste_medinfo.pdf', 'assets/uploads/documentos/pdf_teste_medinfo.pdf', 'application/pdf', 633169, 1, '2026-06-24 06:32:58'),
	(76, 'pdf_teste_medinfo.pdf', 'pdf_teste_medinfo.pdf', 'assets/uploads/documentos/pdf_teste_medinfo.pdf', 'application/pdf', 633169, 1, '2026-06-24 06:32:58'),
	(77, 'pdf_teste_medinfo.pdf', 'pdf_teste_medinfo.pdf', 'assets/uploads/documentos/pdf_teste_medinfo.pdf', 'application/pdf', 633169, 1, '2026-06-24 06:32:58'),
	(78, 'pdf_teste_medinfo.pdf', 'pdf_teste_medinfo.pdf', 'assets/uploads/documentos/pdf_teste_medinfo.pdf', 'application/pdf', 633169, 1, '2026-06-24 06:32:58'),
	(79, 'pdf_teste_medinfo.pdf', 'pdf_teste_medinfo.pdf', 'assets/uploads/documentos/pdf_teste_medinfo.pdf', 'application/pdf', 633169, 1, '2026-06-24 06:32:58'),
	(80, 'pdf_teste_medinfo.pdf', 'pdf_teste_medinfo.pdf', 'assets/uploads/documentos/pdf_teste_medinfo.pdf', 'application/pdf', 633169, 1, '2026-06-24 06:32:58'),
	(81, 'pdf_teste_medinfo.pdf', 'pdf_teste_medinfo.pdf', 'assets/uploads/documentos/pdf_teste_medinfo.pdf', 'application/pdf', 633169, 1, '2026-06-24 06:32:58'),
	(82, 'pdf_teste_medinfo.pdf', 'pdf_teste_medinfo.pdf', 'assets/uploads/documentos/pdf_teste_medinfo.pdf', 'application/pdf', 633169, 1, '2026-06-24 06:32:58'),
	(83, 'pdf_teste_medinfo.pdf', 'pdf_teste_medinfo.pdf', 'assets/uploads/documentos/pdf_teste_medinfo.pdf', 'application/pdf', 633169, 1, '2026-06-24 06:32:58'),
	(84, 'pdf_teste_medinfo.pdf', 'pdf_teste_medinfo.pdf', 'assets/uploads/documentos/pdf_teste_medinfo.pdf', 'application/pdf', 633169, 1, '2026-06-24 06:32:58'),
	(85, 'pdf_teste_medinfo.pdf', 'pdf_teste_medinfo.pdf', 'assets/uploads/documentos/pdf_teste_medinfo.pdf', 'application/pdf', 633169, 1, '2026-06-24 06:32:58'),
	(86, 'pdf_teste_medinfo.pdf', 'pdf_teste_medinfo.pdf', 'assets/uploads/documentos/pdf_teste_medinfo.pdf', 'application/pdf', 633169, 1, '2026-06-24 06:32:58'),
	(87, 'pdf_teste_medinfo.pdf', 'pdf_teste_medinfo.pdf', 'assets/uploads/documentos/pdf_teste_medinfo.pdf', 'application/pdf', 633169, 1, '2026-06-24 06:32:58'),
	(88, 'pdf_teste_medinfo.pdf', 'pdf_teste_medinfo.pdf', 'assets/uploads/documentos/pdf_teste_medinfo.pdf', 'application/pdf', 633169, 1, '2026-06-24 06:32:58'),
	(89, 'pdf_teste_medinfo.pdf', 'pdf_teste_medinfo.pdf', 'assets/uploads/documentos/pdf_teste_medinfo.pdf', 'application/pdf', 633169, 1, '2026-06-24 06:32:58'),
	(90, 'pdf_teste_medinfo.pdf', 'pdf_teste_medinfo.pdf', 'assets/uploads/documentos/pdf_teste_medinfo.pdf', 'application/pdf', 633169, 1, '2026-06-24 06:32:58'),
	(91, 'pdf_teste_medinfo.pdf', 'pdf_teste_medinfo.pdf', 'assets/uploads/documentos/pdf_teste_medinfo.pdf', 'application/pdf', 633169, 1, '2026-06-24 06:32:58'),
	(92, 'pdf_teste_medinfo.pdf', 'pdf_teste_medinfo.pdf', 'assets/uploads/documentos/pdf_teste_medinfo.pdf', 'application/pdf', 633169, 1, '2026-06-24 06:32:58'),
	(93, 'pdf_teste_medinfo.pdf', 'pdf_teste_medinfo.pdf', 'assets/uploads/documentos/pdf_teste_medinfo.pdf', 'application/pdf', 633169, 1, '2026-06-24 06:32:58'),
	(94, 'pdf_teste_medinfo.pdf', 'pdf_teste_medinfo.pdf', 'assets/uploads/documentos/pdf_teste_medinfo.pdf', 'application/pdf', 633169, 1, '2026-06-24 06:32:58'),
	(95, 'pdf_teste_medinfo.pdf', 'pdf_teste_medinfo.pdf', 'assets/uploads/documentos/pdf_teste_medinfo.pdf', 'application/pdf', 633169, 1, '2026-06-24 06:32:58'),
	(96, 'pdf_teste_medinfo.pdf', 'pdf_teste_medinfo.pdf', 'assets/uploads/documentos/pdf_teste_medinfo.pdf', 'application/pdf', 633169, 1, '2026-06-24 06:32:58'),
	(97, 'pdf_teste_medinfo.pdf', 'pdf_teste_medinfo.pdf', 'assets/uploads/documentos/pdf_teste_medinfo.pdf', 'application/pdf', 633169, 1, '2026-06-24 06:32:58'),
	(98, 'pdf_teste_medinfo.pdf', 'pdf_teste_medinfo.pdf', 'assets/uploads/documentos/pdf_teste_medinfo.pdf', 'application/pdf', 633169, 1, '2026-06-24 06:32:58'),
	(99, 'pdf_teste_medinfo.pdf', 'pdf_teste_medinfo.pdf', 'assets/uploads/documentos/pdf_teste_medinfo.pdf', 'application/pdf', 633169, 1, '2026-06-24 06:32:58'),
	(100, 'pdf_teste_medinfo.pdf', 'pdf_teste_medinfo.pdf', 'assets/uploads/documentos/pdf_teste_medinfo.pdf', 'application/pdf', 633169, 1, '2026-06-24 06:32:58'),
	(101, 'pdf_teste_medinfo.pdf', 'pdf_teste_medinfo.pdf', 'assets/uploads/documentos/pdf_teste_medinfo.pdf', 'application/pdf', 633169, 1, '2026-06-24 06:32:58'),
	(102, 'pdf_teste_medinfo.pdf', 'pdf_teste_medinfo.pdf', 'assets/uploads/documentos/pdf_teste_medinfo.pdf', 'application/pdf', 633169, 1, '2026-06-24 06:32:58'),
	(103, 'pdf_teste_medinfo.pdf', 'pdf_teste_medinfo.pdf', 'assets/uploads/documentos/pdf_teste_medinfo.pdf', 'application/pdf', 633169, 1, '2026-06-24 06:32:58'),
	(104, 'pdf_teste_medinfo.pdf', 'pdf_teste_medinfo.pdf', 'assets/uploads/documentos/pdf_teste_medinfo.pdf', 'application/pdf', 633169, 1, '2026-06-24 06:32:58'),
	(105, 'pdf_teste_medinfo.pdf', 'pdf_teste_medinfo.pdf', 'assets/uploads/documentos/pdf_teste_medinfo.pdf', 'application/pdf', 633169, 1, '2026-06-24 06:32:58'),
	(106, 'pdf_teste_medinfo.pdf', 'pdf_teste_medinfo.pdf', 'assets/uploads/documentos/pdf_teste_medinfo.pdf', 'application/pdf', 633169, 1, '2026-06-24 06:32:58'),
	(107, 'pdf_teste_medinfo.pdf', 'pdf_teste_medinfo.pdf', 'assets/uploads/documentos/pdf_teste_medinfo.pdf', 'application/pdf', 633169, 1, '2026-06-24 06:32:58'),
	(108, 'pdf_teste_medinfo.pdf', 'pdf_teste_medinfo.pdf', 'assets/uploads/documentos/pdf_teste_medinfo.pdf', 'application/pdf', 633169, 1, '2026-06-24 06:32:58'),
	(109, 'pdf_teste_medinfo.pdf', 'pdf_teste_medinfo.pdf', 'assets/uploads/documentos/pdf_teste_medinfo.pdf', 'application/pdf', 633169, 1, '2026-06-24 06:32:58'),
	(110, 'pdf_teste_medinfo.pdf', 'pdf_teste_medinfo.pdf', 'assets/uploads/documentos/pdf_teste_medinfo.pdf', 'application/pdf', 633169, 1, '2026-06-24 06:32:58'),
	(111, 'pdf_teste_medinfo.pdf', 'pdf_teste_medinfo.pdf', 'assets/uploads/documentos/pdf_teste_medinfo.pdf', 'application/pdf', 633169, 1, '2026-06-24 06:32:58'),
	(112, 'pdf_teste_medinfo.pdf', 'pdf_teste_medinfo.pdf', 'assets/uploads/documentos/pdf_teste_medinfo.pdf', 'application/pdf', 633169, 1, '2026-06-24 06:32:58'),
	(113, 'pdf_teste_medinfo.pdf', 'pdf_teste_medinfo.pdf', 'assets/uploads/documentos/pdf_teste_medinfo.pdf', 'application/pdf', 633169, 1, '2026-06-24 06:32:58'),
	(114, 'pdf_teste_medinfo.pdf', 'pdf_teste_medinfo.pdf', 'assets/uploads/documentos/pdf_teste_medinfo.pdf', 'application/pdf', 633169, 1, '2026-06-24 06:32:58'),
	(115, 'pdf_teste_medinfo.pdf', 'pdf_teste_medinfo.pdf', 'assets/uploads/documentos/pdf_teste_medinfo.pdf', 'application/pdf', 633169, 1, '2026-06-24 06:32:58'),
	(116, 'pdf_teste_medinfo.pdf', 'pdf_teste_medinfo.pdf', 'assets/uploads/documentos/pdf_teste_medinfo.pdf', 'application/pdf', 633169, 1, '2026-06-24 06:32:58'),
	(117, 'pdf_teste_medinfo.pdf', 'pdf_teste_medinfo.pdf', 'assets/uploads/documentos/pdf_teste_medinfo.pdf', 'application/pdf', 633169, 1, '2026-06-24 06:32:58'),
	(118, 'pdf_teste_medinfo.pdf', 'pdf_teste_medinfo.pdf', 'assets/uploads/documentos/pdf_teste_medinfo.pdf', 'application/pdf', 633169, 1, '2026-06-24 06:32:58'),
	(119, 'pdf_teste_medinfo.pdf', 'pdf_teste_medinfo.pdf', 'assets/uploads/documentos/pdf_teste_medinfo.pdf', 'application/pdf', 633169, 1, '2026-06-24 06:32:58'),
	(120, 'pdf_teste_medinfo.pdf', 'pdf_teste_medinfo.pdf', 'assets/uploads/documentos/pdf_teste_medinfo.pdf', 'application/pdf', 633169, 1, '2026-06-24 06:32:58'),
	(121, 'pdf_teste_medinfo.pdf', 'pdf_teste_medinfo.pdf', 'assets/uploads/documentos/pdf_teste_medinfo.pdf', 'application/pdf', 633169, 1, '2026-06-24 06:32:58'),
	(122, 'pdf_teste_medinfo.pdf', 'pdf_teste_medinfo.pdf', 'assets/uploads/documentos/pdf_teste_medinfo.pdf', 'application/pdf', 633169, 1, '2026-06-24 06:32:58'),
	(123, 'pdf_teste_medinfo.pdf', 'pdf_teste_medinfo.pdf', 'assets/uploads/documentos/pdf_teste_medinfo.pdf', 'application/pdf', 633169, 1, '2026-06-24 06:32:58'),
	(124, 'pdf_teste_medinfo.pdf', 'pdf_teste_medinfo.pdf', 'assets/uploads/documentos/pdf_teste_medinfo.pdf', 'application/pdf', 633169, 1, '2026-06-24 06:32:58'),
	(125, 'pdf_teste_medinfo.pdf', 'pdf_teste_medinfo.pdf', 'assets/uploads/documentos/pdf_teste_medinfo.pdf', 'application/pdf', 633169, 1, '2026-06-24 06:32:58'),
	(126, 'pdf_teste_medinfo.pdf', 'pdf_teste_medinfo.pdf', 'assets/uploads/documentos/pdf_teste_medinfo.pdf', 'application/pdf', 633169, 1, '2026-06-24 06:32:58'),
	(127, 'pdf_teste_medinfo.pdf', 'pdf_teste_medinfo.pdf', 'assets/uploads/documentos/pdf_teste_medinfo.pdf', 'application/pdf', 633169, 1, '2026-06-24 06:32:58'),
	(128, 'pdf_teste_medinfo.pdf', 'pdf_teste_medinfo.pdf', 'assets/uploads/documentos/pdf_teste_medinfo.pdf', 'application/pdf', 633169, 1, '2026-06-24 06:32:58'),
	(129, 'pdf_teste_medinfo.pdf', 'pdf_teste_medinfo.pdf', 'assets/uploads/documentos/pdf_teste_medinfo.pdf', 'application/pdf', 633169, 1, '2026-06-24 06:32:58'),
	(130, 'pdf_teste_medinfo.pdf', 'pdf_teste_medinfo.pdf', 'assets/uploads/documentos/pdf_teste_medinfo.pdf', 'application/pdf', 633169, 1, '2026-06-24 06:32:58'),
	(131, 'pdf_teste_medinfo.pdf', 'pdf_teste_medinfo.pdf', 'assets/uploads/documentos/pdf_teste_medinfo.pdf', 'application/pdf', 633169, 1, '2026-06-24 06:32:58'),
	(132, 'pdf_teste_medinfo.pdf', 'pdf_teste_medinfo.pdf', 'assets/uploads/documentos/pdf_teste_medinfo.pdf', 'application/pdf', 633169, 1, '2026-06-24 06:32:58'),
	(133, 'pdf_teste_medinfo.pdf', 'pdf_teste_medinfo.pdf', 'assets/uploads/documentos/pdf_teste_medinfo.pdf', 'application/pdf', 633169, 1, '2026-06-24 06:32:58'),
	(134, 'pdf_teste_medinfo.pdf', 'pdf_teste_medinfo.pdf', 'assets/uploads/documentos/pdf_teste_medinfo.pdf', 'application/pdf', 633169, 1, '2026-06-24 06:32:58'),
	(135, 'pdf_teste_medinfo.pdf', 'pdf_teste_medinfo.pdf', 'assets/uploads/documentos/pdf_teste_medinfo.pdf', 'application/pdf', 633169, 1, '2026-06-24 06:32:58'),
	(136, 'pdf_teste_medinfo.pdf', 'pdf_teste_medinfo.pdf', 'assets/uploads/documentos/pdf_teste_medinfo.pdf', 'application/pdf', 633169, 1, '2026-06-24 06:32:58'),
	(137, 'pdf_teste_medinfo.pdf', 'pdf_teste_medinfo.pdf', 'assets/uploads/documentos/pdf_teste_medinfo.pdf', 'application/pdf', 633169, 1, '2026-06-24 06:32:58'),
	(138, 'pdf_teste_medinfo.pdf', 'pdf_teste_medinfo.pdf', 'assets/uploads/documentos/pdf_teste_medinfo.pdf', 'application/pdf', 633169, 1, '2026-06-24 06:32:58'),
	(139, 'pdf_teste_medinfo.pdf', 'pdf_teste_medinfo.pdf', 'assets/uploads/documentos/pdf_teste_medinfo.pdf', 'application/pdf', 633169, 1, '2026-06-24 06:32:58'),
	(140, 'pdf_teste_medinfo.pdf', 'pdf_teste_medinfo.pdf', 'assets/uploads/documentos/pdf_teste_medinfo.pdf', 'application/pdf', 633169, 1, '2026-06-24 06:32:58'),
	(141, 'pdf_teste_medinfo.pdf', 'pdf_teste_medinfo.pdf', 'assets/uploads/documentos/pdf_teste_medinfo.pdf', 'application/pdf', 633169, 1, '2026-06-24 06:32:58'),
	(142, 'pdf_teste_medinfo.pdf', 'pdf_teste_medinfo.pdf', 'assets/uploads/documentos/pdf_teste_medinfo.pdf', 'application/pdf', 633169, 1, '2026-06-24 06:32:58'),
	(143, 'pdf_teste_medinfo.pdf', 'pdf_teste_medinfo.pdf', 'assets/uploads/documentos/pdf_teste_medinfo.pdf', 'application/pdf', 633169, 1, '2026-06-24 06:32:58'),
	(144, 'pdf_teste_medinfo.pdf', 'pdf_teste_medinfo.pdf', 'assets/uploads/documentos/pdf_teste_medinfo.pdf', 'application/pdf', 633169, 1, '2026-06-24 06:32:58'),
	(145, 'pdf_teste_medinfo.pdf', 'pdf_teste_medinfo.pdf', 'assets/uploads/documentos/pdf_teste_medinfo.pdf', 'application/pdf', 633169, 1, '2026-06-24 06:32:58'),
	(146, 'pdf_teste_medinfo.pdf', 'pdf_teste_medinfo.pdf', 'assets/uploads/documentos/pdf_teste_medinfo.pdf', 'application/pdf', 633169, 1, '2026-06-24 06:32:58'),
	(147, 'pdf_teste_medinfo.pdf', 'pdf_teste_medinfo.pdf', 'assets/uploads/documentos/pdf_teste_medinfo.pdf', 'application/pdf', 633169, 1, '2026-06-24 06:32:58'),
	(148, 'pdf_teste_medinfo.pdf', 'pdf_teste_medinfo.pdf', 'assets/uploads/documentos/pdf_teste_medinfo.pdf', 'application/pdf', 633169, 1, '2026-06-24 06:32:58'),
	(149, 'pdf_teste_medinfo.pdf', 'pdf_teste_medinfo.pdf', 'assets/uploads/documentos/pdf_teste_medinfo.pdf', 'application/pdf', 633169, 1, '2026-06-24 06:32:58'),
	(150, 'pdf_teste_medinfo.pdf', 'pdf_teste_medinfo.pdf', 'assets/uploads/documentos/pdf_teste_medinfo.pdf', 'application/pdf', 633169, 1, '2026-06-24 06:32:58'),
	(151, 'pdf_teste_medinfo.pdf', 'pdf_teste_medinfo.pdf', 'assets/uploads/documentos/pdf_teste_medinfo.pdf', 'application/pdf', 633169, 1, '2026-06-24 06:32:58'),
	(152, 'pdf_teste_medinfo.pdf', 'pdf_teste_medinfo.pdf', 'assets/uploads/documentos/pdf_teste_medinfo.pdf', 'application/pdf', 633169, 1, '2026-06-24 06:32:58'),
	(153, 'pdf_teste_medinfo.pdf', 'pdf_teste_medinfo.pdf', 'assets/uploads/documentos/pdf_teste_medinfo.pdf', 'application/pdf', 633169, 1, '2026-06-24 06:32:58'),
	(154, 'pdf_teste_medinfo.pdf', 'pdf_teste_medinfo.pdf', 'assets/uploads/documentos/pdf_teste_medinfo.pdf', 'application/pdf', 633169, 1, '2026-06-24 06:32:58'),
	(155, 'pdf_teste_medinfo.pdf', 'pdf_teste_medinfo.pdf', 'assets/uploads/documentos/pdf_teste_medinfo.pdf', 'application/pdf', 633169, 1, '2026-06-24 06:32:58'),
	(156, 'pdf_teste_medinfo.pdf', 'pdf_teste_medinfo.pdf', 'assets/uploads/documentos/pdf_teste_medinfo.pdf', 'application/pdf', 633169, 1, '2026-06-24 06:32:58'),
	(157, 'pdf_teste_medinfo.pdf', 'pdf_teste_medinfo.pdf', 'assets/uploads/documentos/pdf_teste_medinfo.pdf', 'application/pdf', 633169, 1, '2026-06-24 06:32:58'),
	(158, 'pdf_teste_medinfo.pdf', 'pdf_teste_medinfo.pdf', 'assets/uploads/documentos/pdf_teste_medinfo.pdf', 'application/pdf', 633169, 1, '2026-06-24 06:32:58'),
	(159, 'pdf_teste_medinfo.pdf', 'pdf_teste_medinfo.pdf', 'assets/uploads/documentos/pdf_teste_medinfo.pdf', 'application/pdf', 633169, 1, '2026-06-24 06:32:58'),
	(160, 'pdf_teste_medinfo.pdf', 'pdf_teste_medinfo.pdf', 'assets/uploads/documentos/pdf_teste_medinfo.pdf', 'application/pdf', 633169, 1, '2026-06-24 06:32:58'),
	(161, 'pdf_teste_medinfo.pdf', 'pdf_teste_medinfo.pdf', 'assets/uploads/documentos/pdf_teste_medinfo.pdf', 'application/pdf', 633169, 1, '2026-06-24 06:32:58'),
	(162, 'pdf_teste_medinfo.pdf', 'pdf_teste_medinfo.pdf', 'assets/uploads/documentos/pdf_teste_medinfo.pdf', 'application/pdf', 633169, 1, '2026-06-24 06:32:58'),
	(163, 'pdf_teste_medinfo.pdf', 'pdf_teste_medinfo.pdf', 'assets/uploads/documentos/pdf_teste_medinfo.pdf', 'application/pdf', 633169, 1, '2026-06-24 06:32:58'),
	(164, 'pdf_teste_medinfo.pdf', 'pdf_teste_medinfo.pdf', 'assets/uploads/documentos/pdf_teste_medinfo.pdf', 'application/pdf', 633169, 1, '2026-06-24 06:32:58'),
	(165, 'pdf_teste_medinfo.pdf', 'pdf_teste_medinfo.pdf', 'assets/uploads/documentos/pdf_teste_medinfo.pdf', 'application/pdf', 633169, 1, '2026-06-24 06:32:58'),
	(166, 'pdf_teste_medinfo.pdf', 'pdf_teste_medinfo.pdf', 'assets/uploads/documentos/pdf_teste_medinfo.pdf', 'application/pdf', 633169, 1, '2026-06-24 06:32:58'),
	(167, 'pdf_teste_medinfo.pdf', 'pdf_teste_medinfo.pdf', 'assets/uploads/documentos/pdf_teste_medinfo.pdf', 'application/pdf', 633169, 1, '2026-06-24 06:32:58'),
	(168, 'pdf_teste_medinfo.pdf', 'pdf_teste_medinfo.pdf', 'assets/uploads/documentos/pdf_teste_medinfo.pdf', 'application/pdf', 633169, 1, '2026-06-24 06:32:58'),
	(169, 'pdf_teste_medinfo.pdf', 'pdf_teste_medinfo.pdf', 'assets/uploads/documentos/pdf_teste_medinfo.pdf', 'application/pdf', 633169, 1, '2026-06-24 06:32:58'),
	(170, 'pdf_teste_medinfo.pdf', 'pdf_teste_medinfo.pdf', 'assets/uploads/documentos/pdf_teste_medinfo.pdf', 'application/pdf', 633169, 1, '2026-06-24 06:32:58'),
	(171, 'pdf_teste_medinfo.pdf', 'pdf_teste_medinfo.pdf', 'assets/uploads/documentos/pdf_teste_medinfo.pdf', 'application/pdf', 633169, 1, '2026-06-24 06:32:58'),
	(172, 'pdf_teste_medinfo.pdf', 'pdf_teste_medinfo.pdf', 'assets/uploads/documentos/pdf_teste_medinfo.pdf', 'application/pdf', 633169, 1, '2026-06-24 06:32:58'),
	(173, 'pdf_teste_medinfo.pdf', 'pdf_teste_medinfo.pdf', 'assets/uploads/documentos/pdf_teste_medinfo.pdf', 'application/pdf', 633169, 1, '2026-06-24 06:32:58'),
	(174, 'pdf_teste_medinfo.pdf', 'pdf_teste_medinfo.pdf', 'assets/uploads/documentos/pdf_teste_medinfo.pdf', 'application/pdf', 633169, 1, '2026-06-24 06:32:58'),
	(175, 'pdf_teste_medinfo.pdf', 'pdf_teste_medinfo.pdf', 'assets/uploads/documentos/pdf_teste_medinfo.pdf', 'application/pdf', 633169, 1, '2026-06-24 06:32:58'),
	(176, 'pdf_teste_medinfo.pdf', 'pdf_teste_medinfo.pdf', 'assets/uploads/documentos/pdf_teste_medinfo.pdf', 'application/pdf', 633169, 1, '2026-06-24 06:32:58'),
	(177, 'pdf_teste_medinfo.pdf', 'pdf_teste_medinfo.pdf', 'assets/uploads/documentos/pdf_teste_medinfo.pdf', 'application/pdf', 633169, 1, '2026-06-24 06:32:58'),
	(178, 'pdf_teste_medinfo.pdf', 'pdf_teste_medinfo.pdf', 'assets/uploads/documentos/pdf_teste_medinfo.pdf', 'application/pdf', 633169, 1, '2026-06-24 06:32:58'),
	(179, 'pdf_teste_medinfo.pdf', 'pdf_teste_medinfo.pdf', 'assets/uploads/documentos/pdf_teste_medinfo.pdf', 'application/pdf', 633169, 1, '2026-06-24 06:32:58'),
	(180, 'pdf_teste_medinfo.pdf', 'pdf_teste_medinfo.pdf', 'assets/uploads/documentos/pdf_teste_medinfo.pdf', 'application/pdf', 633169, 1, '2026-06-24 06:32:58'),
	(181, 'pdf_teste_medinfo.pdf', 'pdf_teste_medinfo.pdf', 'assets/uploads/documentos/pdf_teste_medinfo.pdf', 'application/pdf', 633169, 1, '2026-06-24 06:32:58'),
	(182, 'pdf_teste_medinfo.pdf', 'pdf_teste_medinfo.pdf', 'assets/uploads/documentos/pdf_teste_medinfo.pdf', 'application/pdf', 633169, 1, '2026-06-24 06:32:58'),
	(183, 'pdf_teste_medinfo.pdf', 'pdf_teste_medinfo.pdf', 'assets/uploads/documentos/pdf_teste_medinfo.pdf', 'application/pdf', 633169, 1, '2026-06-24 06:32:58'),
	(184, 'pdf_teste_medinfo.pdf', 'pdf_teste_medinfo.pdf', 'assets/uploads/documentos/pdf_teste_medinfo.pdf', 'application/pdf', 633169, 1, '2026-06-24 06:32:58'),
	(185, 'pdf_teste_medinfo.pdf', 'pdf_teste_medinfo.pdf', 'assets/uploads/documentos/pdf_teste_medinfo.pdf', 'application/pdf', 633169, 1, '2026-06-24 06:32:58'),
	(186, 'pdf_teste_medinfo.pdf', 'pdf_teste_medinfo.pdf', 'assets/uploads/documentos/pdf_teste_medinfo.pdf', 'application/pdf', 633169, 1, '2026-06-24 06:32:58'),
	(187, 'pdf_teste_medinfo.pdf', 'pdf_teste_medinfo.pdf', 'assets/uploads/documentos/pdf_teste_medinfo.pdf', 'application/pdf', 633169, 1, '2026-06-24 06:32:58'),
	(188, 'pdf_teste_medinfo.pdf', 'pdf_teste_medinfo.pdf', 'assets/uploads/documentos/pdf_teste_medinfo.pdf', 'application/pdf', 633169, 1, '2026-06-24 06:32:58'),
	(189, 'pdf_teste_medinfo.pdf', 'pdf_teste_medinfo.pdf', 'assets/uploads/documentos/pdf_teste_medinfo.pdf', 'application/pdf', 633169, 1, '2026-06-24 06:32:58'),
	(190, 'pdf_teste_medinfo.pdf', 'pdf_teste_medinfo.pdf', 'assets/uploads/documentos/pdf_teste_medinfo.pdf', 'application/pdf', 633169, 1, '2026-06-24 06:32:58'),
	(191, 'pdf_teste_medinfo.pdf', 'pdf_teste_medinfo.pdf', 'assets/uploads/documentos/pdf_teste_medinfo.pdf', 'application/pdf', 633169, 1, '2026-06-24 06:32:58'),
	(192, 'pdf_teste_medinfo.pdf', 'pdf_teste_medinfo.pdf', 'assets/uploads/documentos/pdf_teste_medinfo.pdf', 'application/pdf', 633169, 1, '2026-06-24 06:32:58'),
	(193, 'pdf_teste_medinfo.pdf', 'pdf_teste_medinfo.pdf', 'assets/uploads/documentos/pdf_teste_medinfo.pdf', 'application/pdf', 633169, 1, '2026-06-24 06:32:58'),
	(194, 'pdf_teste_medinfo.pdf', 'pdf_teste_medinfo.pdf', 'assets/uploads/documentos/pdf_teste_medinfo.pdf', 'application/pdf', 633169, 1, '2026-06-24 06:32:58'),
	(195, 'pdf_teste_medinfo.pdf', 'pdf_teste_medinfo.pdf', 'assets/uploads/documentos/pdf_teste_medinfo.pdf', 'application/pdf', 633169, 1, '2026-06-24 06:32:58'),
	(196, 'pdf_teste_medinfo.pdf', 'pdf_teste_medinfo.pdf', 'assets/uploads/documentos/pdf_teste_medinfo.pdf', 'application/pdf', 633169, 1, '2026-06-24 06:32:58'),
	(197, 'pdf_teste_medinfo.pdf', 'pdf_teste_medinfo.pdf', 'assets/uploads/documentos/pdf_teste_medinfo.pdf', 'application/pdf', 633169, 1, '2026-06-24 06:32:58'),
	(198, 'pdf_teste_medinfo.pdf', 'pdf_teste_medinfo.pdf', 'assets/uploads/documentos/pdf_teste_medinfo.pdf', 'application/pdf', 633169, 1, '2026-06-24 06:32:58'),
	(199, 'pdf_teste_medinfo.pdf', 'pdf_teste_medinfo.pdf', 'assets/uploads/documentos/pdf_teste_medinfo.pdf', 'application/pdf', 633169, 1, '2026-06-24 06:32:58'),
	(200, 'pdf_teste_medinfo.pdf', 'pdf_teste_medinfo.pdf', 'assets/uploads/documentos/pdf_teste_medinfo.pdf', 'application/pdf', 633169, 1, '2026-06-24 06:32:58'),
	(9081, 'pdf_6a371b83e670a2.91210104.pdf', 'pdf_6a3b94ffc0f5e2.14515856.pdf', 'assets/uploads/documentos/pdf_6a3b94ffc0f5e2.14515856.pdf', 'application/pdf', 1567372, NULL, '2026-06-24 08:27:43'),
	(9082, 'pdf_teste_medinfo.pdf', 'pdf_6a3b958db0a312.26677738.pdf', 'assets/uploads/documentos/pdf_6a3b958db0a312.26677738.pdf', 'application/pdf', 633169, NULL, '2026-06-24 08:30:05'),
	(9083, 'pdf_teste_medinfo.pdf', 'pdf_6a3c035a51cf34.11061084.pdf', 'assets/uploads/documentos/pdf_6a3c035a51cf34.11061084.pdf', 'application/pdf', 633169, NULL, '2026-06-24 16:18:34'),
	(9084, 'pdf_teste_medinfo.pdf', 'pdf_6a3c035a7515c4.64395353.pdf', 'assets/uploads/documentos/pdf_6a3c035a7515c4.64395353.pdf', 'application/pdf', 633169, NULL, '2026-06-24 16:18:34'),
	(9085, 'pdf_teste_medinfo.pdf', 'pdf_6a3c035a83d6c1.02274884.pdf', 'assets/uploads/documentos/pdf_6a3c035a83d6c1.02274884.pdf', 'application/pdf', 633169, NULL, '2026-06-24 16:18:34'),
	(9086, 'pdf_teste_medinfo.pdf', 'pdf_6a3c035a8ea655.97434661.pdf', 'assets/uploads/documentos/pdf_6a3c035a8ea655.97434661.pdf', 'application/pdf', 633169, NULL, '2026-06-24 16:18:34'),
	(9087, 'pdf_teste_medinfo.pdf', 'pdf_6a3c035aa0f534.94001456.pdf', 'assets/uploads/documentos/pdf_6a3c035aa0f534.94001456.pdf', 'application/pdf', 633169, NULL, '2026-06-24 16:18:34'),
	(9088, 'pdf_teste_medinfo.pdf', 'pdf_6a3c035aac3df2.54850978.pdf', 'assets/uploads/documentos/pdf_6a3c035aac3df2.54850978.pdf', 'application/pdf', 633169, NULL, '2026-06-24 16:18:35'),
	(9089, 'pdf_teste_medinfo.pdf', 'pdf_6a3c035b17c2b8.64233104.pdf', 'assets/uploads/documentos/pdf_6a3c035b17c2b8.64233104.pdf', 'application/pdf', 633169, NULL, '2026-06-24 16:18:35'),
	(9090, 'pdf_teste_medinfo.pdf', 'pdf_6a3c035b434529.96827083.pdf', 'assets/uploads/documentos/pdf_6a3c035b434529.96827083.pdf', 'application/pdf', 633169, NULL, '2026-06-24 16:18:35');

-- A despejar dados para tabela db1241848.fornecedores: ~10 rows (aproximadamente)
INSERT INTO `fornecedores` (`id`, `nome`, `nif`, `tipo_fornecedor_id`, `email`, `telefone`, `contrato_ativo`, `area_atuacao`, `morada`, `website`, `pessoa_contacto`, `telefone_contacto`, `observacoes`, `estado`, `criado_em`, `atualizado_em`) VALUES
	(1, 'Philips Healthcare Portugal', '501234567', 1, 'suporte@philips-healthcare.pt', '+351 210 111 001', 1, 'Monitorização e diagnóstico', 'Av. da República, 48, 1050-195 Lisboa', 'https://www.philips.pt/healthcare', 'Carla Martins', '+351 910 111 001', 'Fabricante de equipamentos de monitorização hospitalar com suporte nacional.', 'Ativo', '2026-06-24 06:32:56', '2026-06-24 06:32:56'),
	(2, 'Dräger Portugal', '502345678', 1, 'assistencia@draeger.pt', '+351 220 222 002', 1, 'Suporte de vida e ventilação', 'Rua do Campo Alegre, 830, 4150-171 Porto', 'https://www.draeger.com', 'Nuno Ribeiro', '+351 920 222 002', 'Fabricante de ventiladores, anestesia e equipamentos críticos.', 'Ativo', '2026-06-24 06:32:56', '2026-06-24 06:32:56'),
	(3, 'B. Braun Medical Portugal', '503456789', 2, 'comercial@bbraun.pt', '+351 213 333 003', 1, 'Terapia de infusão e consumíveis', 'Estrada Consiglieri Pedroso, 80, 2730-055 Barcarena', 'https://www.bbraun.pt', 'Sofia Almeida', '+351 930 333 003', 'Fornecedor comercial de bombas de infusão e consumíveis clínicos.', 'Ativo', '2026-06-24 06:32:56', '2026-06-24 06:32:56'),
	(4, 'Zoll Medical Ibérica', '504567890', 1, 'tecnico@zollmedical.pt', '+351 214 444 004', 1, 'Emergência e desfibrilhação', 'Rua da Indústria, 15, 2610-088 Amadora', 'https://www.zoll.com', 'Pedro Costa', '+351 940 444 004', 'Fabricante de desfibrilhadores e soluções de emergência médica.', 'Ativo', '2026-06-24 06:32:56', '2026-06-24 06:32:56'),
	(5, 'Siemens Healthineers Portugal', '505678901', 1, 'info.pt@siemens-healthineers.com', '+351 215 555 005', 1, 'Diagnóstico e imagiologia', 'Lagoas Park, Edifício 10, 2740-271 Porto Salvo', 'https://www.siemens-healthineers.com', 'Marta Teixeira', '+351 950 555 005', 'Fabricante de equipamentos de diagnóstico e imagiologia clínica.', 'Ativo', '2026-06-24 06:32:56', '2026-06-24 06:32:56'),
	(6, 'MedAssist Técnica Hospitalar', '506789012', 3, 'suporte@medassist.pt', '+351 226 666 006', 1, 'Assistência técnica multimarca', 'Rua de São Bento, 200, 4050-542 Porto', 'https://www.medassist.pt', 'Tiago Neves', '+351 960 666 006', 'Prestador de assistência técnica preventiva e corretiva.', 'Ativo', '2026-06-24 06:32:56', '2026-06-24 06:32:56'),
	(7, 'LabTech Equipamentos Científicos', '507890123', 2, 'geral@labtech.pt', '+351 239 777 007', 1, 'Laboratório e esterilização', 'Zona Industrial de Taveiro, Lote 12, 3045-508 Coimbra', 'https://www.labtech.pt', 'Ana Sousa', '+351 970 777 007', 'Distribuidor de equipamentos laboratoriais e soluções de esterilização.', 'Ativo', '2026-06-24 06:32:56', '2026-06-24 06:32:56'),
	(8, 'FisioPlus Reabilitação Clínica', '508901234', 2, 'comercial@fisioplus.pt', '+351 253 888 008', 1, 'Reabilitação e fisioterapia', 'Av. Central, 120, 4710-229 Braga', 'https://www.fisioplus.pt', 'Luís Carvalho', '+351 980 888 008', 'Fornecedor de equipamentos de fisioterapia e reabilitação.', 'Ativo', '2026-06-24 06:32:56', '2026-06-24 06:32:56'),
	(9, 'ConsuMed Hospitalar', '509012345', 4, 'encomendas@consumed.pt', '+351 244 999 009', 1, 'Consumíveis e acessórios clínicos', 'Rua da Saúde, 25, 2400-118 Leiria', 'https://www.consumed.pt', 'Helena Rocha', '+351 990 999 009', 'Fornecedor de acessórios e consumíveis para equipamentos médicos.', 'Ativo', '2026-06-24 06:32:56', '2026-06-24 06:32:56'),
	(10, 'TecnoHospital Litoral', '510123456', 3, 'manutencao@tecnohosp.pt', '+351 234 101 010', 1, 'Contratos e manutenção hospitalar', 'Parque Empresarial de Ílhavo, 3830-352 Ílhavo', 'https://www.tecnohosp.pt', 'Rui Barbosa', '+351 910 101 010', 'Empresa de manutenção técnica com cobertura nacional.', 'Ativo', '2026-06-24 06:32:56', '2026-06-24 06:32:56');

-- A despejar dados para tabela db1241848.funcoes_fornecedor: ~5 rows (aproximadamente)
INSERT INTO `funcoes_fornecedor` (`id`, `nome`) VALUES
	(4, 'Assistência técnica'),
	(3, 'Distribuidor / fornecedor comercial'),
	(2, 'Fabricante'),
	(5, 'Fornecedor de consumíveis'),
	(1, 'Fornecedor principal');

-- A despejar dados para tabela db1241848.garantias: ~20 rows (aproximadamente)
INSERT INTO `garantias` (`id`, `codigo`, `designacao`, `equipamento_id`, `fornecedor_id`, `responsavel`, `contrato_id`, `data_inicio`, `data_fim`, `estado_garantia_id`, `cobertura`, `observacoes`, `criado_em`, `atualizado_em`) VALUES
	(1, 'GAR-0001', 'Garantia técnica do equipamento EQ-0001', 1, 1, 'Responsável Garantia EQ-0001', 1, '2025-04-21', '2027-05-13', 1, 'Cobertura de peças, mão de obra, diagnóstico técnico e suporte remoto para o equipamento EQ-0001.', 'Garantia ativa do equipamento EQ-0001, com cobertura e datas ajustadas ao estado atual.', '2026-06-24 06:32:58', '2026-06-24 06:32:58'),
	(2, 'GAR-0002', 'Garantia técnica do equipamento EQ-0002', 2, 2, 'Responsável Garantia EQ-0002', 3, '2025-04-12', '2027-06-05', 1, 'Cobertura de peças, mão de obra, diagnóstico técnico e suporte remoto para o equipamento EQ-0002.', 'Garantia ativa do equipamento EQ-0002, com cobertura e datas ajustadas ao estado atual.', '2026-06-24 06:32:58', '2026-06-24 06:32:58'),
	(3, 'GAR-0003', 'Garantia técnica do equipamento EQ-0003', 3, 3, 'Responsável Garantia EQ-0003', 5, '2024-09-09', '2026-07-08', 2, 'Cobertura de peças, mão de obra, diagnóstico técnico e suporte remoto para o equipamento EQ-0003.', 'Garantia a expirar do equipamento EQ-0003, com cobertura e datas ajustadas ao estado atual.', '2026-06-24 06:32:58', '2026-06-24 06:32:58'),
	(4, 'GAR-0004', 'Garantia técnica do equipamento EQ-0004', 4, 4, 'Responsável Garantia EQ-0004', 7, '2025-03-25', '2027-07-21', 1, 'Cobertura de peças, mão de obra, diagnóstico técnico e suporte remoto para o equipamento EQ-0004.', 'Garantia ativa do equipamento EQ-0004, com cobertura e datas ajustadas ao estado atual.', '2026-06-24 06:32:58', '2026-06-24 06:32:58'),
	(5, 'GAR-0005', 'Garantia técnica do equipamento EQ-0005', 5, 5, 'Responsável Garantia EQ-0005', 9, '2025-03-16', '2027-08-13', 1, 'Cobertura de peças, mão de obra, diagnóstico técnico e suporte remoto para o equipamento EQ-0005.', 'Garantia ativa do equipamento EQ-0005, com cobertura e datas ajustadas ao estado atual.', '2026-06-24 06:32:58', '2026-06-24 06:32:58'),
	(6, 'GAR-0006', 'Garantia técnica do equipamento EQ-0006', 6, 5, 'Responsável Garantia EQ-0006', 11, '2025-03-07', '2027-09-05', 1, 'Cobertura de peças, mão de obra, diagnóstico técnico e suporte remoto para o equipamento EQ-0006.', 'Garantia ativa do equipamento EQ-0006, com cobertura e datas ajustadas ao estado atual.', '2026-06-24 06:32:58', '2026-06-24 06:32:58'),
	(7, 'GAR-0007', 'Garantia técnica do equipamento EQ-0007', 7, 7, 'Responsável Garantia EQ-0007', 13, '2025-02-26', '2027-09-28', 1, 'Cobertura de peças, mão de obra, diagnóstico técnico e suporte remoto para o equipamento EQ-0007.', 'Garantia ativa do equipamento EQ-0007, com cobertura e datas ajustadas ao estado atual.', '2026-06-24 06:32:58', '2026-06-24 06:32:58'),
	(8, 'GAR-0008', 'Garantia técnica do equipamento EQ-0008', 8, 8, 'Responsável Garantia EQ-0008', 15, '2025-02-17', '2027-10-21', 1, 'Cobertura de peças, mão de obra, diagnóstico técnico e suporte remoto para o equipamento EQ-0008.', 'Garantia ativa do equipamento EQ-0008, com cobertura e datas ajustadas ao estado atual.', '2026-06-24 06:32:58', '2026-06-24 06:32:58'),
	(9, 'GAR-0009', 'Garantia técnica do equipamento EQ-0009', 9, 1, 'Responsável Garantia EQ-0009', 17, '2023-12-28', '2026-05-10', 3, 'Cobertura de peças, mão de obra, diagnóstico técnico e suporte remoto para o equipamento EQ-0009.', 'Garantia expirada do equipamento EQ-0009, com cobertura e datas ajustadas ao estado atual.', '2026-06-24 06:32:58', '2026-06-24 06:32:58'),
	(10, 'GAR-0010', 'Garantia técnica do equipamento EQ-0010', 10, 3, 'Responsável Garantia EQ-0010', 19, '2024-09-02', '2026-07-14', 2, 'Cobertura de peças, mão de obra, diagnóstico técnico e suporte remoto para o equipamento EQ-0010.', 'Garantia a expirar do equipamento EQ-0010, com cobertura e datas ajustadas ao estado atual.', '2026-06-24 06:32:58', '2026-06-24 06:32:58'),
	(11, 'GAR-0011', 'Garantia técnica do equipamento EQ-0011', 11, 4, 'Responsável Garantia EQ-0011', 21, '2025-01-21', '2027-12-29', 1, 'Cobertura de peças, mão de obra, diagnóstico técnico e suporte remoto para o equipamento EQ-0011.', 'Garantia ativa do equipamento EQ-0011, com cobertura e datas ajustadas ao estado atual.', '2026-06-24 06:32:58', '2026-06-24 06:32:58'),
	(12, 'GAR-0012', 'Garantia técnica do equipamento EQ-0012', 12, 7, 'Responsável Garantia EQ-0012', 23, '2023-12-25', '2026-06-12', 3, 'Cobertura de peças, mão de obra, diagnóstico técnico e suporte remoto para o equipamento EQ-0012.', 'Garantia expirada do equipamento EQ-0012, com cobertura e datas ajustadas ao estado atual.', '2026-06-24 06:32:58', '2026-06-24 06:32:58'),
	(13, 'GAR-0013', 'Garantia técnica do equipamento EQ-0013', 13, 1, 'Responsável Garantia EQ-0013', 25, '2025-01-03', '2028-02-13', 1, 'Cobertura de peças, mão de obra, diagnóstico técnico e suporte remoto para o equipamento EQ-0013.', 'Garantia ativa do equipamento EQ-0013, com cobertura e datas ajustadas ao estado atual.', '2026-06-24 06:32:58', '2026-06-24 06:32:58'),
	(14, 'GAR-0014', 'Garantia técnica do equipamento EQ-0014', 14, 2, 'Responsável Garantia EQ-0014', 27, '2023-12-23', '2026-03-16', 3, 'Cobertura de peças, mão de obra, diagnóstico técnico e suporte remoto para o equipamento EQ-0014.', 'Garantia expirada do equipamento EQ-0014, com cobertura e datas ajustadas ao estado atual.', '2026-06-24 06:32:58', '2026-06-24 06:32:58'),
	(15, 'GAR-0015', 'Garantia técnica do equipamento EQ-0015', 15, 3, 'Responsável Garantia EQ-0015', 29, '2024-12-16', '2028-03-30', 1, 'Cobertura de peças, mão de obra, diagnóstico técnico e suporte remoto para o equipamento EQ-0015.', 'Garantia ativa do equipamento EQ-0015, com cobertura e datas ajustadas ao estado atual.', '2026-06-24 06:32:58', '2026-06-24 06:32:58'),
	(16, 'GAR-0016', 'Garantia técnica do equipamento EQ-0016', 16, 4, 'Responsável Garantia EQ-0016', 31, '2024-12-07', '2028-04-22', 1, 'Cobertura de peças, mão de obra, diagnóstico técnico e suporte remoto para o equipamento EQ-0016.', 'Garantia ativa do equipamento EQ-0016, com cobertura e datas ajustadas ao estado atual.', '2026-06-24 06:32:58', '2026-06-24 06:32:58'),
	(17, 'GAR-0017', 'Garantia técnica do equipamento EQ-0017', 17, 8, 'Responsável Garantia EQ-0017', 33, '2024-08-26', '2026-07-22', 2, 'Cobertura de peças, mão de obra, diagnóstico técnico e suporte remoto para o equipamento EQ-0017.', 'Garantia a expirar do equipamento EQ-0017, com cobertura e datas ajustadas ao estado atual.', '2026-06-24 06:32:58', '2026-06-24 06:32:58'),
	(18, 'GAR-0018', 'Garantia técnica do equipamento EQ-0018', 18, 2, 'Responsável Garantia EQ-0018', 35, '2024-01-06', '2026-04-15', 8, 'Cobertura de peças, mão de obra, diagnóstico técnico e suporte remoto para o equipamento EQ-0018.', 'Garantia cancelada do equipamento EQ-0018, com cobertura e datas ajustadas ao estado atual.', '2026-06-24 06:32:58', '2026-06-24 06:32:58'),
	(19, 'GAR-0019', 'Garantia técnica do equipamento EQ-0019', 19, 7, 'Responsável Garantia EQ-0019', 37, '2024-11-10', '2028-06-30', 1, 'Cobertura de peças, mão de obra, diagnóstico técnico e suporte remoto para o equipamento EQ-0019.', 'Garantia ativa do equipamento EQ-0019, com cobertura e datas ajustadas ao estado atual.', '2026-06-24 06:32:58', '2026-06-24 06:32:58'),
	(20, 'GAR-0020', 'Garantia técnica do equipamento EQ-0020', 20, 10, 'Responsável Garantia EQ-0020', 39, '2024-11-01', '2028-07-23', 8, 'Cobertura de peças, mão de obra, diagnóstico técnico e suporte remoto para o equipamento EQ-0020.', 'Garantia ativa do equipamento EQ-0020, com cobertura e datas ajustadas ao estado atual.', '2026-06-24 06:32:58', '2026-06-24 12:15:54'),
	(7521, 'GAR-0021', 'TESTE 31', 1021, 2, 'tetse', 7021, '2026-06-01', '2026-06-30', 3, 'AS', 'AWF', '2026-06-24 16:18:35', '2026-06-24 16:18:35');

-- A despejar dados para tabela db1241848.garantia_ficheiros: ~20 rows (aproximadamente)
INSERT INTO `garantia_ficheiros` (`id`, `garantia_id`, `ficheiro_id`) VALUES
	(6522, 1, 9082),
	(2, 2, 42),
	(3, 3, 43),
	(4, 4, 44),
	(5, 5, 45),
	(6, 6, 46),
	(7, 7, 47),
	(8, 8, 48),
	(9, 9, 49),
	(10, 10, 50),
	(11, 11, 51),
	(12, 12, 52),
	(13, 13, 53),
	(14, 14, 54),
	(15, 15, 55),
	(16, 16, 56),
	(17, 17, 57),
	(18, 18, 58),
	(19, 19, 59),
	(20, 20, 60),
	(6523, 7521, 9090);

-- A despejar dados para tabela db1241848.localizacoes: ~8 rows (aproximadamente)
INSERT INTO `localizacoes` (`id`, `codigo`, `nome`, `tipo_localizacao_id`, `numero_andares`, `edificio`, `piso_principal`, `responsavel`, `telefone`, `descricao`, `estado_localizacao_id`, `criado_em`, `atualizado_em`) VALUES
	(1, 'LOC-0001', 'UCI - Sala de Cuidados Intensivos 1', 4, 1, 'Edifício Central', '3', 'Dra. Inês Correia', '+351 220 100 301', 'Sala crítica para equipamentos de suporte de vida e monitorização contínua.', 1, '2026-06-24 06:32:56', '2026-06-24 16:19:40'),
	(2, 'LOC-0002', 'Bloco Operatório - Sala 2', 4, 1, 'Edifício Cirúrgico', '2', 'Enf. Miguel Santos', '+351 220 100 202', 'Sala operatória equipada para intervenções programadas e urgentes.', 1, '2026-06-24 06:32:56', '2026-06-24 16:19:40'),
	(3, 'LOC-0003', 'Urgência Geral - Área De Reanimação', 2, 1, 'Edifício Urgência', '1', 'Dra. Patrícia Lopes', '220 100 003', 'Área dedicada a atendimento imediato e estabilização clínica.', 1, '2026-06-24 06:32:56', '2026-06-24 15:56:40'),
	(4, 'LOC-0004', 'Serviço de Medicina Interna', 2, 2, 'Edifício Norte', '4', 'Enf. João Matos', '+351 220 100 404', 'Serviço de internamento com equipamentos de terapêutica e monitorização.', 1, '2026-06-24 06:32:56', '2026-06-24 16:19:40'),
	(5, 'LOC-0005', 'Laboratório de Análises Clínicas', 3, 1, 'Edifício Técnico', '1', 'Dra. Catarina Reis', '+351 220 100 115', 'Departamento laboratorial com equipamentos de análise e centrifugação.', 1, '2026-06-24 06:32:56', '2026-06-24 16:19:40'),
	(6, 'LOC-0006', 'Central de Esterilização', 3, 1, 'Edifício Técnico', '-1', 'Téc. André Silva', '+351 220 100 091', 'Unidade responsável pela lavagem, esterilização e controlo de materiais.', 1, '2026-06-24 06:32:56', '2026-06-24 16:19:40'),
	(7, 'LOC-0007', 'Serviço de Imagiologia', 2, 1, 'Edifício Diagnóstico', '1', 'Dra. Rita Azevedo', '+351 220 100 711', 'Serviço de diagnóstico por imagem com equipamentos especializados.', 1, '2026-06-24 06:32:56', '2026-06-24 16:19:40'),
	(8, 'LOC-0008', 'Fisioterapia e Reabilitação', 2, 1, 'Edifício Sul', '0', 'Fisio. Carlos Nunes', '+351 220 100 808', 'Área de reabilitação funcional com equipamentos de terapia e exercício.', 1, '2026-06-24 06:32:56', '2026-06-24 16:19:40'),
	(1009, 'LOC-009', 'Tomas Nogueira', 3, 2, 'Teste Teste', '1', 'Teste', '912824918', 'g', 2, '2026-06-24 16:02:00', '2026-06-24 16:02:00');

-- A despejar dados para tabela db1241848.logs: ~5 rows (aproximadamente)
INSERT INTO `logs` (`id`, `tipo_evento`, `descricao`, `agente_id`, `ip`, `created_at`) VALUES
	(1, 'DADOS_ALTERADOS', 'Base de dados carregada com 20 equipamentos completos, datas coerentes, documentação mínima, contratos, garantias e manutenções.', 1, '127.0.0.1', '2026-06-24 14:00:00'),
	(11, 'LOGOUT', 'Logout efetuado. (Módulo: login | Ação: logout)', NULL, '127.0.0.1', '2026-06-24 08:21:52'),
	(12, 'LOGIN_OK', 'Login efetuado com sucesso. (Módulo: login | Ação: sucesso | Dados: {"email":"admin@medinfosolutions.pt","perfil":"admin"})', 1, '127.0.0.1', '2026-06-24 08:22:27'),
	(13, 'DADOS_ALTERADOS', 'Equipamento atualizado: Monitor Multiparamétrico De Sinais Vitais (Módulo: equipamentos | Ação: editar | Dados: {"id":1,"codigo":"EQ-0001"})', 1, '127.0.0.1', '2026-06-24 08:27:43'),
	(14, 'DADOS_ALTERADOS', 'Equipamento atualizado: Monitor Multiparamétrico De Sinais Vitais (Módulo: equipamentos | Ação: editar | Dados: {"id":1,"codigo":"EQ-0001"})', 1, '127.0.0.1', '2026-06-24 08:30:05'),
	(15, 'LOGOUT', 'Logout efetuado. (Módulo: login | Ação: logout)', NULL, '127.0.0.1', '2026-06-24 10:51:09'),
	(16, 'LOGIN_OK', 'Login efetuado com sucesso. (Módulo: login | Ação: sucesso | Dados: {"email":"admin@medinfosolutions.pt","perfil":"admin"})', 1, '127.0.0.1', '2026-06-24 10:54:12'),
	(17, 'DADOS_ALTERADOS', 'Equipamento abatido e estados associados atualizados. (Módulo: equipamentos | Ação: abater | Dados: {"id":20})', 1, '127.0.0.1', '2026-06-24 12:15:57'),
	(18, 'LOGOUT', 'Logout efetuado. (Módulo: login | Ação: logout)', NULL, '127.0.0.1', '2026-06-24 12:17:49'),
	(19, 'LOGIN_FALHOU', 'Tentativa de login com credenciais inválidas. (Módulo: login | Ação: falha | Dados: {"email":"tomasfrn123@gmail.com"})', NULL, '127.0.0.1', '2026-06-24 13:12:47'),
	(20, 'LOGIN_FALHOU', 'Tentativa de login com credenciais inválidas. (Módulo: login | Ação: falha | Dados: {"email":"tomasfrn123@gmail.com"})', NULL, '127.0.0.1', '2026-06-24 13:12:47'),
	(21, 'LOGIN_FALHOU', 'Tentativa de login com credenciais inválidas. (Módulo: login | Ação: falha | Dados: {"email":"admin@medinfosolutions.pt"})', NULL, '127.0.0.1', '2026-06-24 13:13:01'),
	(22, 'LOGIN_FALHOU', 'Tentativa de login com credenciais inválidas. (Módulo: login | Ação: falha | Dados: {"email":"admin@medinfosolutions.pt"})', NULL, '127.0.0.1', '2026-06-24 13:13:16'),
	(23, 'LOGIN_OK', 'Login efetuado com sucesso. (Módulo: login | Ação: sucesso | Dados: {"email":"admin@medinfosolutions.pt","perfil":"admin"})', 1, '127.0.0.1', '2026-06-24 13:13:27'),
	(24, 'DADOS_ALTERADOS', 'Equipamento atualizado: Monitor Multiparamétrico De Sinais Vitais (Módulo: equipamentos | Ação: editar | Dados: {"id":1,"codigo":"EQ-0001"})', 1, '127.0.0.1', '2026-06-24 14:27:29'),
	(25, 'DADOS_ALTERADOS', 'Equipamento atualizado: Monitor Multiparamétrico De Sinais Vitais (Módulo: equipamentos | Ação: editar | Dados: {"id":1,"codigo":"EQ-0001"})', 1, '127.0.0.1', '2026-06-24 14:28:00'),
	(26, 'DADOS_ALTERADOS', 'Localização atualizada: Urgência Geral - Área De Reanimação (Módulo: localizacoes | Ação: editar | Dados: {"id":3})', 1, '127.0.0.1', '2026-06-24 15:56:41'),
	(27, 'DADOS_ALTERADOS', 'Equipamento atualizado: Monitor Multiparamétrico De Sinais Vitais (Módulo: equipamentos | Ação: editar | Dados: {"id":1,"codigo":"EQ-0001"})', 1, '127.0.0.1', '2026-06-24 15:59:09'),
	(28, 'DADOS_ALTERADOS', 'Equipamento atualizado: Monitor Multiparamétrico De Sinais Vitais (Módulo: equipamentos | Ação: editar | Dados: {"id":1,"codigo":"EQ-0001"})', 1, '127.0.0.1', '2026-06-24 16:00:09'),
	(29, 'DADOS_ALTERADOS', 'Localização criada: Tomas Nogueira (Módulo: localizacoes | Ação: criar)', 1, '127.0.0.1', '2026-06-24 16:02:00'),
	(30, 'DADOS_ALTERADOS', 'Equipamento criado: Teste (Módulo: equipamentos | Ação: criar | Dados: {"codigo":"EQ-0021","id":"1021"})', 1, '127.0.0.1', '2026-06-24 16:18:37');

-- A despejar dados para tabela db1241848.manutencoes: ~20 rows (aproximadamente)
INSERT INTO `manutencoes` (`id`, `equipamento_id`, `tipo_manutencao_id`, `ultima_manutencao`, `proxima_manutencao`, `periodicidade`, `estado_manutencao_id`, `prioridade_id`, `responsavel`, `observacoes`, `criado_em`, `atualizado_em`) VALUES
	(1, 1, 1, '2026-05-10', '2026-08-08', 'Trimestral', 1, 2, 'Responsável Manutenção EQ-0001', 'Manutenção trimestral do equipamento EQ-0001, com datas ajustadas ao estado atual do plano técnico.', '2026-06-24 06:32:57', '2026-06-24 06:32:57'),
	(2, 2, 1, '2026-03-16', '2026-07-14', 'Semestral', 2, 3, 'Responsável Manutenção EQ-0002', 'Manutenção semestral do equipamento EQ-0002, com datas ajustadas ao estado atual do plano técnico.', '2026-06-24 06:32:57', '2026-06-24 06:32:57'),
	(3, 3, 1, '2026-04-05', '2026-10-02', 'Anual', 1, 1, 'Responsável Manutenção EQ-0003', 'Manutenção anual do equipamento EQ-0003, com datas ajustadas ao estado atual do plano técnico.', '2026-06-24 06:32:57', '2026-06-24 06:32:57'),
	(4, 4, 2, '2026-05-15', '2026-06-14', 'Mensal', 3, 3, 'Responsável Manutenção EQ-0004', 'Manutenção mensal do equipamento EQ-0004, com datas ajustadas ao estado atual do plano técnico.', '2026-06-24 06:32:57', '2026-06-24 06:32:57'),
	(5, 5, 3, '2026-02-24', '2026-07-19', 'Trimestral', 2, 2, 'Responsável Manutenção EQ-0005', 'Manutenção trimestral do equipamento EQ-0005, com datas ajustadas ao estado atual do plano técnico.', '2026-06-24 06:32:57', '2026-06-24 06:32:57'),
	(6, 6, 1, '2026-01-15', '2026-09-02', 'Semestral', 1, 2, 'Responsável Manutenção EQ-0006', 'Manutenção semestral do equipamento EQ-0006, com datas ajustadas ao estado atual do plano técnico.', '2026-06-24 06:32:57', '2026-06-24 06:32:57'),
	(7, 7, 3, '2026-05-20', '2026-07-06', 'Anual', 2, 2, 'Responsável Manutenção EQ-0007', 'Manutenção anual do equipamento EQ-0007, com datas ajustadas ao estado atual do plano técnico.', '2026-06-24 06:32:57', '2026-06-24 06:32:57'),
	(8, 8, 1, '2026-04-10', '2026-08-23', 'Mensal', 1, 1, 'Responsável Manutenção EQ-0008', 'Manutenção mensal do equipamento EQ-0008, com datas ajustadas ao estado atual do plano técnico.', '2026-06-24 06:32:57', '2026-06-24 06:32:57'),
	(9, 9, 1, '2026-05-25', '2026-07-12', 'Trimestral', 2, 1, 'Responsável Manutenção EQ-0009', 'Manutenção trimestral do equipamento EQ-0009, com datas ajustadas ao estado atual do plano técnico.', '2026-06-24 06:32:57', '2026-06-24 06:32:57'),
	(10, 10, 2, '2026-03-26', '2026-06-19', 'Semestral', 3, 3, 'Responsável Manutenção EQ-0010', 'Manutenção semestral do equipamento EQ-0010, com datas ajustadas ao estado atual do plano técnico.', '2026-06-24 06:32:57', '2026-06-24 06:32:57'),
	(11, 11, 1, '2026-06-04', '2026-10-12', 'Anual', 1, 1, 'Responsável Manutenção EQ-0011', 'Manutenção anual do equipamento EQ-0011, com datas ajustadas ao estado atual do plano técnico.', '2026-06-24 06:32:57', '2026-06-24 06:32:57'),
	(12, 12, 3, '2026-04-20', '2026-06-06', 'Mensal', 3, 3, 'Responsável Manutenção EQ-0012', 'Manutenção mensal do equipamento EQ-0012, com datas ajustadas ao estado atual do plano técnico.', '2026-06-24 06:32:57', '2026-06-24 06:32:57'),
	(13, 13, 1, '2026-04-30', '2026-08-03', 'Trimestral', 1, 2, 'Responsável Manutenção EQ-0013', 'Manutenção trimestral do equipamento EQ-0013, com datas ajustadas ao estado atual do plano técnico.', '2026-06-24 06:32:57', '2026-06-24 06:32:57'),
	(14, 14, 2, '2026-01-05', '2026-05-30', 'Semestral', 3, 3, 'Responsável Manutenção EQ-0014', 'Manutenção semestral do equipamento EQ-0014, com datas ajustadas ao estado atual do plano técnico.', '2026-06-24 06:32:57', '2026-06-24 06:32:57'),
	(15, 15, 1, '2026-05-30', '2026-09-22', 'Anual', 1, 1, 'Responsável Manutenção EQ-0015', 'Manutenção anual do equipamento EQ-0015, com datas ajustadas ao estado atual do plano técnico.', '2026-06-24 06:32:57', '2026-06-24 06:32:57'),
	(16, 16, 1, '2026-03-21', '2026-07-09', 'Mensal', 2, 2, 'Responsável Manutenção EQ-0016', 'Manutenção mensal do equipamento EQ-0016, com datas ajustadas ao estado atual do plano técnico.', '2026-06-24 06:32:57', '2026-06-24 06:32:57'),
	(17, 17, 3, '2026-05-05', '2026-07-24', 'Trimestral', 2, 1, 'Responsável Manutenção EQ-0017', 'Manutenção trimestral do equipamento EQ-0017, com datas ajustadas ao estado atual do plano técnico.', '2026-06-24 06:32:57', '2026-06-24 06:32:57'),
	(18, 18, 2, '2025-10-07', '2026-02-24', 'Semestral', 3, 3, 'Responsável Manutenção EQ-0018', 'Manutenção semestral do equipamento EQ-0018, com datas ajustadas ao estado atual do plano técnico.', '2026-06-24 06:32:57', '2026-06-24 06:32:57'),
	(19, 19, 1, '2026-06-14', '2026-10-22', 'Anual', 1, 1, 'Responsável Manutenção EQ-0019', 'Manutenção anual do equipamento EQ-0019, com datas ajustadas ao estado atual do plano técnico.', '2026-06-24 06:32:57', '2026-06-24 06:32:57'),
	(20, 20, 1, '2026-04-15', '2026-07-01', 'Mensal', 2, 2, 'Responsável Manutenção EQ-0020', 'Manutenção mensal do equipamento EQ-0020, com datas ajustadas ao estado atual do plano técnico.', '2026-06-24 06:32:57', '2026-06-24 06:32:57'),
	(8021, 1021, 1, '2026-06-08', '2026-06-22', 'Trimestral', 2, 1, 'Responsável Manutenção EQ-0002', '', '2026-06-24 16:18:36', '2026-06-24 16:18:36');

-- A despejar dados para tabela db1241848.mensagens_contacto: ~4 rows (aproximadamente)
INSERT INTO `mensagens_contacto` (`id`, `nome`, `email`, `instituicao`, `assunto`, `mensagem`, `estado`, `recebido_em`) VALUES
	(1, 'Mariana Pires', 'mariana.pires@hospitalnorte.pt', 'Hospital Norte', 'Pedido de demonstração', 'Gostaria de agendar uma demonstração do sistema de inventário hospitalar para a equipa técnica.', 'Nova', '2026-06-24 09:15:00'),
	(2, 'João Faria', 'joao.faria@clinicacentral.pt', 'Clínica Central', 'Informação sobre contratos', 'Pretendemos saber se a solução permite acompanhar contratos de manutenção e garantias por equipamento.', 'Em análise', '2026-06-24 10:40:00'),
	(3, 'Helena Duarte', 'helena.duarte@hospitalatl.pt', 'Hospital Atlântico', 'Integração documental', 'A nossa instituição pretende centralizar documentação técnica e certificados em formato PDF.', 'Respondida', '2026-06-24 12:05:00'),
	(4, 'Tomas Nogueira', 'tomasfrn123@gmail.com', 'ISEP', 'Pedido de informação', 'DUVIDA', 'Nova', '2026-06-24 08:22:08');

-- A despejar dados para tabela db1241848.prioridades_manutencao: ~3 rows (aproximadamente)
INSERT INTO `prioridades_manutencao` (`id`, `nome`) VALUES
	(3, 'Alta'),
	(2, 'Média'),
	(1, 'Normal');

-- A despejar dados para tabela db1241848.tipos_contrato: ~5 rows (aproximadamente)
INSERT INTO `tipos_contrato` (`id`, `nome`) VALUES
	(4, 'Aluguer'),
	(3, 'Assistência Técnica'),
	(1, 'Manutenção'),
	(5, 'Outro'),
	(2, 'Seguro');

-- A despejar dados para tabela db1241848.tipos_documento: ~10 rows (aproximadamente)
INSERT INTO `tipos_documento` (`id`, `nome`) VALUES
	(3, 'Certificado de calibração'),
	(5, 'Declaração de conformidade'),
	(4, 'Fatura ou guia de aquisição'),
	(7, 'Ficha técnica'),
	(2, 'Manual de serviço'),
	(1, 'Manual de utilizador'),
	(10, 'Outro'),
	(8, 'Registo de manutenção'),
	(9, 'Relatório de intervenção'),
	(6, 'Relatório técnico');

-- A despejar dados para tabela db1241848.tipos_entrada: ~4 rows (aproximadamente)
INSERT INTO `tipos_entrada` (`id`, `nome`) VALUES
	(3, 'Aluguer'),
	(1, 'Compra'),
	(2, 'Doação'),
	(4, 'Empréstimo');

-- A despejar dados para tabela db1241848.tipos_fornecedor: ~4 rows (aproximadamente)
INSERT INTO `tipos_fornecedor` (`id`, `nome`) VALUES
	(2, 'Distribuidor / fornecedor comercial'),
	(1, 'Fabricante'),
	(4, 'Fornecedor de consumíveis ou acessórios'),
	(3, 'Prestador de assistência técnica');

-- A despejar dados para tabela db1241848.tipos_localizacao: ~5 rows (aproximadamente)
INSERT INTO `tipos_localizacao` (`id`, `nome`) VALUES
	(5, 'Armazém'),
	(3, 'Departamento'),
	(4, 'Sala'),
	(2, 'Serviço'),
	(1, 'Unidade');

-- A despejar dados para tabela db1241848.tipos_manutencao: ~3 rows (aproximadamente)
INSERT INTO `tipos_manutencao` (`id`, `nome`) VALUES
	(3, 'Calibração'),
	(2, 'Corretiva'),
	(1, 'Preventiva');

SET FOREIGN_KEY_CHECKS=1;
